mql_id,origin,seller_id,won_date,gmv_90d_brl,order_items_90d,orders_90d,first_order,observed_sale_90d,days_first_sale
5420aad7fec3549a85876ba1c529bd84,organic_search,2c43fb513632d29b3b58df74816f1b06,2018-02-26 19:58:54,0.00000,0.00000,0.00000,,False,
a555fb36b9368110ede0f043dfc3b9a0,referral,bbb7d7893a450660432ea6652310ebb7,2018-05-08 20:17:59,0.00000,0.00000,0.00000,,False,
f5fee8f7da74f4887f5bcae2bafb6dd6,paid_search,21e1781e36faf92725dde4730a88ca0f,2018-01-17 13:51:03,0.00000,0.00000,0.00000,,False,
b94fba7670eeb44dce2a0d8eb790e9f5,organic_search,1c742ac33582852aaf3bcfbf5893abcf,2018-02-07 18:04:05,0.00000,0.00000,0.00000,,False,
c3e30ed7ac989117c7e1e719b4ac128f,direct_traffic,92d7568ad0c5c76fd7d341b2d46f24d6,2018-04-16 18:18:22,0.00000,0.00000,0.00000,,False,
b02c89251106e1fdd9d92744be9f94f2,unknown,44ed138eca6214d572ce1d813fb0049b,2018-04-17 17:01:57,0.00000,0.00000,0.00000,,False,
a90a37898cc5f2718385a2fb981caaff,social,0b28859cd04d23edefee9c591fb03cd8,2018-05-14 18:37:15,0.00000,0.00000,0.00000,,False,
4e4e70d504b4c0006c8287dedc99d0fc,social,f7a0d94e966c5665355a182d5b199fcf,2018-02-28 19:42:14,0.00000,0.00000,0.00000,,False,
408a9c4a79800232ac656249af3162eb,paid_search,b566ab0ef88016e00422755e305103c6,2018-02-23 13:54:40,938.00000,3.00000,3.00000,2018-03-11 10:26:01,True,15.85510
c556184b3fe2087834850b68fa435cee,direct_traffic,2d2322d842118867781fc737e96d59a1,2018-05-22 13:24:08,174.20000,9.00000,7.00000,2018-06-08 10:35:03,True,16.88258
ab11f58a6bf7036a656364b0ba68fb74,paid_search,9e7c5f4d7770eab65738cca38f9efccf,2018-04-10 03:00:00,99.90000,1.00000,1.00000,2018-06-01 12:50:14,True,52.40988
450b97a48568c3118ff397f73abe4e4a,referral,df91910b6a03bb2e3358fa6a35e32f6f,2018-04-10 19:21:54,511.80000,3.00000,3.00000,2018-06-24 09:54:00,True,74.60563
9878253904482726e741460a99adba86,organic_search,92d46311e4fa7583d14c351fdc881af6,2018-01-26 17:23:46,0.00000,0.00000,0.00000,,False,
ed3d878bf23177e7075ce07578841047,organic_search,249f0e9905a6e06ad6c6bea7547ab9f6,2018-05-11 19:03:19,347.95000,3.00000,3.00000,2018-06-25 01:10:48,True,44.25520
1f4e960dc47c49ab5c2a495e00055f64,organic_search,8c45b4bc4b5c1e2a4e789b4466a39b77,2018-02-07 13:57:02,0.00000,0.00000,0.00000,,False,
05d287893f5f083739da863da2c4b6f8,social,49f6ca9231352dedda1ad1176ce70531,2018-04-16 13:09:09,0.00000,0.00000,0.00000,,False,
0b97be8b4b408a3a0780a32e0a143a7f,unknown,7d13fca15225358621be4086e1eb0964,2018-02-08 17:20:14,74711.75000,380.00000,368.00000,2018-02-14 21:11:44,True,6.16076
2552a7b886c1710f36be92ac29b1362d,unknown,efa89b428cbc422ba9313b4fc6feafc7,2018-02-16 12:31:56,0.00000,0.00000,0.00000,,False,
59c0665c39a2bb9c8776d66f4e8b8f66,direct_traffic,cb3666965a560e723403683bd378a5f7,2018-02-22 12:40:15,0.00000,0.00000,0.00000,,False,
4151b0029636a1c55afcce9283ac7902,organic_search,e819bcfade7b5d88a27325eb6cfd62c5,2018-02-12 13:18:13,0.00000,0.00000,0.00000,,False,
fc4166d1b1e192f650ee2d807b54c943,social,70c27847eca8195c983ed7e798c56743,2018-02-08 20:57:44,2854.55000,19.00000,17.00000,2018-04-03 09:02:42,True,53.50345
85e43237b3fb87d881c757f44f1b0357,paid_search,556a6409838156ea299c9d1f9e2dde43,2018-04-06 20:52:54,898.00000,1.00000,1.00000,2018-06-19 10:11:16,True,73.55442
9ce2e101957dc53e3e89cc8e1599aa60,paid_search,a4fc6eadaff1576af888509a53420f6a,2018-04-13 12:27:48,100.86000,1.00000,1.00000,2018-05-22 18:15:54,True,39.24174
9a6b65aedf8177783035f3a53ca21ed1,organic_search,0975b0dd18febd1008391fa53dff0891,2018-04-18 18:02:08,0.00000,0.00000,0.00000,,False,
e428d5580f729d23e6070e43c492e424,unknown,8b181ee5518df84f18f4e1a43fe07923,2018-04-25 03:00:00,27.90000,1.00000,1.00000,2018-05-30 09:21:06,True,35.26465
1cbfa9c878ef8692c1ae21e4cfa11000,paid_search,90269579385b838ce9bd577dcec278a4,2018-05-30 14:43:50,0.00000,0.00000,0.00000,,False,
b055fc7de322786cd9ddc996cb6e72ff,organic_search,398cb257329ef7af7f1943a8974a3cbc,2018-03-06 12:25:29,0.00000,0.00000,0.00000,,False,
d955b97b28c2966211c9de2fe22fefbd,direct_traffic,26e2c91ef821e1ff8985f408788fe35b,2018-02-06 15:46:14,849.60000,8.00000,8.00000,2018-02-20 09:43:30,True,13.74810
0a1643cb73c25878cc845d5594059afe,organic_search,ae9d6bb89361dff26edbccc7e1c2911d,2018-04-27 14:01:33,0.00000,0.00000,0.00000,,False,
92c7eacf759c266a7663d63876d84223,unknown,da3eab58892c04039f4cd5ecb09ae260,2018-03-27 19:14:00,0.00000,0.00000,0.00000,,False,
d25814a309be54d1d2279a4ff921ea28,social,2d42ebcda99fd55f6f4bc2f1ca035d50,2018-04-11 03:00:00,445.00000,5.00000,4.00000,2018-06-24 13:21:50,True,74.43183
e3ed7cb7b47e4079cb9fef895846b3e2,social,04843805947f0fc584fc1969b6e50fe7,2018-04-18 16:50:40,0.00000,0.00000,0.00000,,False,
413e4eb37de01f40522e28ecdc268639,unknown,d9d057968270cdb30c14cba606d5dc90,2018-03-29 17:48:42,0.00000,0.00000,0.00000,,False,
c1e598764329cc9c377ef1d029be8ceb,organic_search,d4dcd3a31f5f19aea2f258a568517a4f,2018-02-22 13:18:26,0.00000,0.00000,0.00000,,False,
9cca8d684240e24dd459f2d439fae30c,unknown,28760737b4b82d4479ddff8db5e9f71f,2018-02-27 20:04:12,0.00000,0.00000,0.00000,,False,
2c5d0b35798bffadf8f67ef0af84d183,unknown,93a55b2252867fd7df54c78cbd5c6d95,2018-04-02 14:20:33,0.00000,0.00000,0.00000,,False,
e5860ae00103b3869a25d940345bf0fd,unknown,1185ae3e5ac0463c854dad54fc8fc9e1,2018-04-13 12:50:35,0.00000,0.00000,0.00000,,False,
014c073ef65e4a7ef73acd61cf606164,unknown,2646baaf662d4d92ac48f047e35db92d,2018-03-23 19:06:54,569.00000,9.00000,7.00000,2018-04-29 22:00:59,True,37.12089
3a91a097116d6c8b32d41e0c81dd1e9c,organic_search,e433f5fd4050e3352b5d83522b7fe24b,2018-04-26 03:00:00,0.00000,0.00000,0.00000,,False,
1030d227d3fe9ed0555666c4ffd14ab1,social,5cc5fe3c6e303fb7656ee7b0ca21ed58,2018-03-12 13:21:11,0.00000,0.00000,0.00000,,False,
1c69de363482d0cbc9b6da97cb49757a,organic_search,dc64d75cc406bb0697be983831430e60,2018-04-30 21:13:36,390.00000,2.00000,2.00000,2018-05-22 15:15:50,True,21.75155
415ae4e297c08fd8790a5b1e1ba8482e,paid_search,08d1c9478fb0d7d7fcac9c0da4e82fc7,2018-04-27 13:35:00,538.00000,1.00000,1.00000,2018-06-12 08:29:53,True,45.78811
f5da97d441cd42b0b26c10145b71a923,unknown,ee2fbacc2fc3794e656cc4d933d59ce7,2018-05-18 18:08:22,299.98000,2.00000,1.00000,2018-08-07 14:05:50,True,80.83157
682e8ae60182137d74d90ada9e0947d8,paid_search,7fc87cc3e89b3d1d5cabdca32f8485aa,2018-02-27 19:19:47,597.90000,4.00000,4.00000,2018-05-02 12:35:31,True,63.71926
77abef21c838da55e14ffc88016ce91f,organic_search,eba08391609dfda5c016fdd264f9383b,2018-01-12 16:07:27,0.00000,0.00000,0.00000,,False,
46d9834fa62209a6504b2aabe46d7bfb,organic_search,8b3317388df29d5fa94360a486ad3356,2018-02-26 12:45:46,0.00000,0.00000,0.00000,,False,
009ff90f082aaa9fcd6e14caf65c7cc6,paid_search,134285d1f41da5c13a756ee8142c8a4e,2018-04-03 03:00:00,1073.80000,3.00000,2.00000,2018-06-10 13:27:42,True,68.43590
29b97ecc5839e61efb7bdc25e979d8c6,social,e9e446d01bd10a97a8ffcfc4a3a20cb2,2018-04-27 16:11:57,51.15000,3.00000,3.00000,2018-06-05 19:53:27,True,39.15382
8d6be534a8bdd08e11efe57c6ce3dd21,organic_search,6061155addc1e54b4cfb51c1c2a32ad8,2018-04-27 20:44:40,1499.90000,7.00000,7.00000,2018-06-01 01:20:55,True,34.19184
4979feabd6097fb6100fd36c3c32aae0,direct_traffic,bba8d0c234a52b87b3957037a215d1a4,2018-02-22 21:07:50,120.00000,1.00000,1.00000,2018-05-04 19:24:09,True,70.92800
5985e72b3752e4749926885db1b45be4,unknown,044668ccd5316b12a7cf0d54a156e3e9,2018-01-31 21:00:13,0.00000,0.00000,0.00000,,False,
2b094148a9d10109b903715267c4dd14,unknown,224167f6e956da2f71c0e8dbdaa8bbf0,2018-03-12 13:14:10,0.00000,0.00000,0.00000,,False,
e5f15cc640c8a7408103dd190ced966c,unknown,30a81d8cf85fb2ada1b1b094c9583a95,2018-01-19 16:51:28,213.87000,4.00000,4.00000,2018-02-22 01:14:05,True,33.34904
a15880813bd2f137e9f6922cbb7255bf,paid_search,7e417525a6ce49b708fd384e580fe3c4,2018-04-03 17:19:55,0.00000,0.00000,0.00000,,False,
3bcc8997df233ab581f30dd65f14698c,unknown,b6cac2bb2d83cae903e336e6a993c795,2018-04-23 14:31:35,0.00000,0.00000,0.00000,,False,
afac78e614dac1a1470030ea55c08eef,paid_search,0ddefe3c7a032b91f4e25b9c3a08fca1,2018-02-09 15:35:51,137.50000,4.00000,3.00000,2018-04-12 15:09:11,True,61.98148
d0b2ef3bdc9ed0fce3d672ec52dc9c00,unknown,45dfe11016c782d99a19f93dd34c300d,2018-03-16 14:17:34,0.00000,0.00000,0.00000,,False,
496515dec2a1c280f145f6ccb34851fb,unknown,6f835fd4be26989b1b064399da346143,2018-04-27 16:09:25,197.80000,2.00000,2.00000,2018-05-26 08:26:02,True,28.67821
17c77fd570aa86b74387fae66d9d4edd,unknown,3e35a8bb43569389d3cebef0ce820f69,2018-01-18 11:09:00,55.80000,2.00000,1.00000,2018-04-12 19:47:40,True,84.36019
cc4ec90b270b9f1de8dc2d8864425252,email,a7d0f8dd44f57ef6de7f7f02e3d82630,2018-04-27 21:38:40,29.89000,1.00000,1.00000,2018-06-25 12:06:07,True,58.60240
f0b314f185b80cf35d986e298db53fe3,unknown,a663d9c3797e90eac99ff60939416a56,2018-04-27 21:08:34,235.00000,1.00000,1.00000,2018-05-16 13:31:20,True,18.68248
a1ad46372861ecf61fdab04c7bf5082e,unknown,8e3338430e8b66d28aa88fa892a00063,2018-02-26 20:32:17,0.00000,0.00000,0.00000,,False,
7893b5468710641ad87f8b4aa1b8777d,organic_search,3084dcdea01fe4f2d556540e6b2e873d,2018-04-03 18:56:08,0.00000,0.00000,0.00000,,False,
36f6d5bde803873f6bffe9949f258935,direct_traffic,a56e351445e5863fc8960640ba9190c7,2018-02-26 20:02:10,760.92000,4.00000,3.00000,2018-04-06 21:36:54,True,39.06579
1cfef7cfd8d26b1ecb8b0eccca6366ca,unknown,5cb4a72356883c59790dc8309cddea2f,2018-01-30 16:30:17,0.00000,0.00000,0.00000,,False,
2708ccf204c47df56b5469327e900581,unknown,fcdd820084f17e9982427971e4e9d47f,2018-02-15 17:38:42,2425.00000,14.00000,12.00000,2018-03-07 15:15:15,True,19.90038
44ebc4e28c99d8aeaead73b4b70cc5e9,paid_search,131fcb0a0c9a47bba4474aacff0f14b7,2018-04-20 03:00:00,218.90000,2.00000,2.00000,2018-06-03 19:44:12,True,44.69736
62e44187d92348c552952aa4bf152e90,paid_search,3d5d0dc7073a299e31fa718ce1bc00b6,2018-05-07 16:42:08,624.90000,20.00000,19.00000,2018-06-13 15:23:50,True,36.94562
0f2ad81c100f7a6c7475bd26ceb76cbf,organic_search,3492e68f37fd1df87f4f2f2ea247f445,2018-02-12 18:46:06,39.99000,1.00000,1.00000,2018-05-09 22:09:32,True,86.14127
cfccca319397a5ea2bb11bd90b0d925d,paid_search,ba143b05f0110f0dc71ad71b4466ce92,2018-04-17 19:12:16,4897.31000,70.00000,69.00000,2018-04-24 13:18:10,True,6.75410
7281f75a3496aa1e3643f44cd5773a65,unknown,309405cfad0d11cd1ec6bb5d02c70c6b,2018-05-29 20:20:26,0.00000,0.00000,0.00000,,False,
b5372c821691eff5fb470f33af079a64,direct_traffic,42fac6337d0f14ecdc18a82bfe6dd076,2018-01-26 20:25:59,0.00000,0.00000,0.00000,,False,
de1dbe3b8d524c96d50c30f2467c4bc6,organic_search,841fba8f46ab4edd1bb086f53735000e,2018-04-06 17:40:28,0.00000,0.00000,0.00000,,False,
080261e4427a081fc6e637b654f590ee,social,ade45994b717ccee333492330fbf037b,2018-03-14 12:18:20,1424.00000,2.00000,2.00000,2018-06-09 20:12:15,True,87.32911
f9c43d70a22ac65ce5fa816a4c34f8f0,paid_search,784fca1939f4ad6c73be249a80b17d18,2018-03-28 22:37:52,0.00000,0.00000,0.00000,,False,
42e452a93e736373dd9281c113eff2b7,organic_search,da6a60cc8cc724fe51be021ff8be779c,2018-05-14 16:06:59,617.99000,11.00000,10.00000,2018-05-21 21:49:53,True,7.23813
67c34b9630469b3c13b7982316ffe7a1,missing,6e985a12b7b98f0a15b7bf90cc882f61,2018-01-22 13:18:32,0.00000,0.00000,0.00000,,False,
bde34e7721e5a33091503ba45b3f8ea5,organic_search,a69aa24cec11168e7e39a3fbc727e925,2018-04-30 03:00:00,105.97000,3.00000,3.00000,2018-06-13 11:29:48,True,44.35403
ac68bc93ecc07d7daec8ce924ca09b0c,unknown,6025c79c035c3d772133b8b8238463b2,2018-05-10 19:07:39,989.74000,4.00000,2.00000,2018-07-18 16:51:01,True,68.90512
cd46a0224c83d17b825ebc226df3479c,paid_search,e1643dff33666ca629e3644c02738179,2018-03-13 14:56:01,170.00000,3.00000,3.00000,2018-05-11 00:09:19,True,58.38424
3cc3bc10218cf509ba24613cda41d940,social,cc63f0dd2acba93ffed4fe9f8e0321fa,2018-04-24 03:00:00,2419.84000,23.00000,19.00000,2018-05-10 14:37:54,True,16.48465
b223756da60ed5012d1d302bc9f50f6e,organic_search,bb2afe2061d53c6968aa0cffa233a8ec,2018-04-06 17:56:04,323.60000,4.00000,3.00000,2018-05-09 17:11:55,True,32.96934
4144092976e61a9c32e1c7b205d85452,organic_search,ba56ae8ab7eb61b0c3f064f9661eb15c,2018-02-01 12:33:15,0.00000,0.00000,0.00000,,False,
b30be338efa14f74a40949dbafd02b57,social,c8cc60ffd415254af5d9b9f34f32c369,2018-04-30 20:23:10,318.60000,4.00000,4.00000,2018-06-05 19:11:38,True,35.95032
7c68935a1dfb1fc8fb714797e7cbf805,unknown,6267923376872bb45a1c804aed0f1e73,2018-03-28 18:55:26,0.00000,0.00000,0.00000,,False,
8551ef0d517bfc756cb31e0477ac4adc,paid_search,c1849d4d32d7a6cecd5aa471809d3135,2018-05-18 12:47:49,378.99000,2.00000,2.00000,2018-08-04 12:56:08,True,78.00578
57648ec099f2451be828fb2e27d8f46a,social,0ab97fdbae52ec0e877efdf9b310528e,2018-04-13 20:38:20,0.00000,0.00000,0.00000,,False,
d6e0ddfc5b05597877a7d5036789a3a1,direct_traffic,4125d9385a25e82d2f72d3a0fd55bc3f,2018-04-05 15:06:11,0.00000,0.00000,0.00000,,False,
66744053f818d4032f5ba881340db020,organic_search,5f5a58930c3c35f3b5af264f34fb8c85,2018-02-26 17:07:06,0.00000,0.00000,0.00000,,False,
6dcca2f79e4a4672f7c91f58385b4582,paid_search,94eead2f1cdacbf7ba5c5a0bdbe4cf1f,2018-04-27 14:11:20,0.00000,0.00000,0.00000,,False,
6fba9ab96aa12c4c9d01e74b66a74485,organic_search,09c34a8e333be37851747c27525a4e53,2018-05-15 20:21:11,0.00000,0.00000,0.00000,,False,
fa027edbceb48e6657770c2985172201,organic_search,8fbd63429be6d3e5e6d1a709b6464802,2018-01-23 17:58:30,600.00000,4.00000,2.00000,2018-04-18 00:27:01,True,84.26980
83d5aac46c097426773520489cda201c,paid_search,a28120fc27b206d3bc355b57040baf7a,2018-04-30 13:06:43,0.00000,0.00000,0.00000,,False,
a562fd35af2738ce6d88f785ef4eb134,paid_search,b16d3dadc47d4eb18be3d88bad0775ce,2018-03-28 16:11:25,492.70000,5.00000,4.00000,2018-05-29 23:02:46,True,62.28566
ab1417ecaf41d8fb741fade9be0b8ab1,social,dd5450b022b2d00a2145a66331e1aef6,2018-02-19 17:26:54,0.00000,0.00000,0.00000,,False,
9b6edcffd428da99ae60cc01049a8403,unknown,845e8036c3f7bf62099352f5ed910240,2018-05-03 03:00:00,932.60000,14.00000,12.00000,2018-05-25 22:07:54,True,22.79715
7f12bc8cffb170e083ea5c5296272b97,paid_search,f049a72cf58fd31b11f8919cade515e7,2018-05-24 22:16:29,138.75000,4.00000,3.00000,2018-07-25 12:03:29,True,61.57431
d9734d3817f40bb704b7cc4984ec39b0,organic_search,117cfc326c6d50da67ca858ff5c0c852,2018-03-29 20:20:04,454.60000,5.00000,5.00000,2018-05-02 15:22:57,True,33.79367
8f24f9bb371471be344cdb6fbcd99688,organic_search,c6d5704d1ed91beed0114bcd9d3367bb,2018-03-05 18:43:20,0.00000,0.00000,0.00000,,False,
1bd7d4eac464cde6f86349cbe0d61385,organic_search,049197f741ca0cde891420fc72fba3e5,2018-04-19 22:00:40,0.00000,0.00000,0.00000,,False,
a85d745228d0257adc11fd790a31cee5,social,116e5ef667d05e59c8b95acd02670ff3,2018-03-20 14:01:49,0.00000,0.00000,0.00000,,False,
bc18cd01dacdd62719e6b4d59248c5e1,organic_search,f1fdf2d13186575751aa25876536d85c,2018-03-22 13:06:50,26.30000,1.00000,1.00000,2018-03-29 21:39:51,True,7.35626
d1d35acfd20d413bbda1eae8e208f0b5,paid_search,b64d51f0435e884e8de603b1655155ae,2018-02-15 16:06:31,37.09000,2.00000,2.00000,2018-04-07 11:00:35,True,50.78755
48a8b46e7ea342b913b50c7087f78162,organic_search,56e361f411e38dcef17cdc2a3d99628b,2018-05-10 19:16:27,1236.00000,9.00000,4.00000,2018-07-02 16:39:17,True,52.89086
30c5ba4650eee4a5550cdfa16fb4f195,paid_search,cac876b37d3abcd6bd76caca30277996,2018-01-29 17:13:49,882.27000,18.00000,13.00000,2018-02-13 12:38:05,True,14.80852
60a7799873854c9ccd549ec39c8efddf,organic_search,a414555ce331b8c8aea4a9cb8395194d,2018-01-29 20:08:37,1015.95000,7.00000,6.00000,2018-03-10 15:31:45,True,39.80773
428a96d781ccb96d757bbf82f8242d95,paid_search,c54679b132454625907c773d273d4126,2018-01-08 19:14:47,69.00000,1.00000,1.00000,2018-03-27 14:16:24,True,77.79279
4952d2ac78b534c78d7a21c60a236e4c,unknown,41b9c7bfadf5f42b93b7bfbae1b84494,2018-01-15 19:51:21,0.00000,0.00000,0.00000,,False,
d90b1c32b55f731e8a2072bfad782fdd,paid_search,d8d9567d0bfb0bc7eb845a205ba42657,2018-02-09 13:41:10,34.80000,2.00000,2.00000,2018-03-28 22:20:31,True,47.36066
6dfdc6a7e91f5d20a16c956c33974ca5,organic_search,3ab971ce71839580d2ae5b4e40fe8044,2018-04-27 13:55:14,3483.40000,26.00000,25.00000,2018-06-03 17:41:43,True,37.15728
ffdd99e05df27c02a2fb1669d49e0c76,organic_search,02f623a8eb246f3c5f7c2f96462654e6,2018-04-18 20:16:19,2835.00000,21.00000,21.00000,2018-04-25 15:13:02,True,6.78939
e73b38ff519142fdc3723ddf4a3a5825,unknown,11a559e252a8d167a8ccea7abcf357f3,2018-01-19 17:23:06,0.00000,0.00000,0.00000,,False,
eea8870139b7780b13870d4299006da2,organic_search,cec13d4723ba59aae2a6663b99129a49,2018-04-04 13:50:13,0.00000,0.00000,0.00000,,False,
271a299f0893b2173e77162c5c768b89,paid_search,0ca9bd8db4679bc89692acdfcd96b6c4,2018-05-23 21:47:07,0.00000,0.00000,0.00000,,False,
c028b7dd285d13e19ff7a4cabf8bf700,unknown,6aa3928696eab49a19a466e665a649fd,2018-02-07 13:40:14,816.00000,10.00000,8.00000,2018-03-10 12:41:26,True,30.95917
90513943523077ad07582e989457ccec,organic_search,539ed9e19811677513447759be5eccfc,2018-05-15 18:16:40,14.20000,1.00000,1.00000,2018-06-16 18:52:33,True,32.02492
080cc5a4ec71a747e260e274bdb13b64,paid_search,d7827b2af99326a03b0ed9c7a24db0d3,2018-03-29 16:29:14,1455.00000,1.00000,1.00000,2018-04-12 19:18:18,True,14.11741
a4fa73f413400524fef474c93faa5e02,paid_search,bd4431c1a8dfa744b59e1e2a8bc99b9e,2018-01-26 18:13:17,424.80000,3.00000,3.00000,2018-04-05 22:09:05,True,69.16375
bd503b6e91ef50d1c4c169476158e8eb,social,4a1917ef994878940e1fb03eeb787ad7,2018-04-09 17:28:44,538.00000,2.00000,1.00000,2018-06-19 16:41:53,True,70.96747
f6127362ba4727c54d742b7ab1ae7c1c,paid_search,c0aff2da32c17759d30b22fb0af6649d,2018-04-20 13:24:51,173.80000,4.00000,3.00000,2018-06-11 13:15:42,True,51.99365
2448225d3dfa0dc52632c746aa76b66e,unknown,cb6c9f5888a7a090c75beaf615925792,2018-04-20 19:04:20,336.62000,6.00000,6.00000,2018-04-30 06:31:44,True,9.47736
c36d210f50e7ef3103da68ab61efd093,unknown,59cea8e446d3834393058e7e0666b6fb,2018-05-08 12:18:42,612.20000,8.00000,8.00000,2018-06-16 16:17:45,True,39.16601
384b5bdbe32117213b87f8f5e0604be4,unknown,2cb98e27ce1c18abdb42209b34c382a7,2018-02-28 03:00:00,0.00000,0.00000,0.00000,,False,
6c465ed53d17739467c95fe414d8e056,referral,3289d8c3eef4873f91ce0b1343c0dd58,2018-04-26 20:04:29,199.99000,1.00000,1.00000,2018-05-25 18:44:29,True,28.94444
f74b25a7dc1504cf5a3b964a990266ff,organic_search,55c26bcb609f480eb7868594245febb5,2018-03-01 14:58:45,574.50000,5.00000,5.00000,2018-04-09 13:11:49,True,38.92574
57e65b6fc1f2e47c402deeee25bba1aa,social,5c3460cd3e8a984382ae254e7dd20d9f,2018-01-10 18:15:06,148.98000,1.00000,1.00000,2018-02-23 21:00:11,True,44.11464
107fce5988735e531cae0da812db9a62,other,e979bb42fb660609fe056a6bea03761f,2018-04-27 03:00:00,0.00000,0.00000,0.00000,,False,
e430deb739cc669ad740c421931bc8f8,direct_traffic,0e72c1a751b496722a6cb1f10653b62a,2018-03-12 18:24:50,45.90000,1.00000,1.00000,2018-05-11 00:18:02,True,59.24528
cd9e8a4a222eb86428130d42fc684ca5,organic_search,ae7ab174effdead6c241e547e4ca13f0,2018-04-04 21:17:17,349.90000,1.00000,1.00000,2018-06-11 10:22:49,True,67.54551
d8de81eff6dfe582a05bc6981879f01a,unknown,f85612e1b253b37d88329fdc16e8f32f,2018-04-03 18:29:19,0.00000,0.00000,0.00000,,False,
d88a45e680327e0b22a34020d8f78252,unknown,9261d76c62caaf0b24677c2ceb7f8f20,2018-05-22 21:25:39,843.72000,6.00000,5.00000,2018-07-05 09:49:54,True,43.51684
a552e1db6a1c7dbac243c72a8d3140bb,organic_search,def312fb44a52de894acf688498ce1fc,2018-01-31 13:33:48,0.00000,0.00000,0.00000,,False,
098d6dd896e6740f88282b48495d47ef,paid_search,c004e5ea15737026cecaee0447e00b75,2018-03-26 19:31:38,0.00000,0.00000,0.00000,,False,
d0b16c2b9e945575082a7e81f6f933b0,paid_search,7ff588a03c2aeae4fbd23f9ae64b760d,2018-05-21 20:28:33,1080.54000,14.00000,12.00000,2018-06-06 08:34:53,True,15.50440
512182619d12ae0863827b7e5ab97f19,organic_search,880ce4951cf857ab1d9e0b75c1d856f4,2018-01-31 02:00:00,178.90000,1.00000,1.00000,2018-02-13 21:06:34,True,13.79623
0951c34dc17cf35be31bb59fa96435df,organic_search,9e6967d3cf386d284251784b18ccb485,2018-04-13 13:41:51,220.38000,5.00000,4.00000,2018-06-12 20:43:08,True,60.29256
7270ec1d67725ee992193adf9e9f2637,unknown,964ff64dc05b13811c6d0f41e0aa5f6b,2018-04-11 14:36:14,0.00000,0.00000,0.00000,,False,
e911087c91c63c9d3e7ee83e372d10f7,social,1997c740529040d6a2244d2e818acb50,2018-02-26 20:59:09,0.00000,0.00000,0.00000,,False,
4de20dd98d2ca78fd643bdc4f0a6359b,unknown,1cbdc7cf130a41fd13a3c2a7d2fcfda7,2018-03-16 19:39:38,82.90000,1.00000,1.00000,2018-05-06 11:15:20,True,50.64979
1e8e96e5a2857a7645534e99f20928b7,direct_traffic,9e545d0501bd685bba148d9f631093f1,2018-02-22 13:16:06,0.00000,0.00000,0.00000,,False,
3c803c1d8fef5385ca87aa1f8952338e,unknown,271b8923c6a549e02d3c9fd1f8c0422b,2018-06-01 16:45:27,105.19000,1.00000,1.00000,2018-07-30 19:39:13,True,59.12067
3b9c2023b5da0ffe9aa0a39285c836c6,other_publicities,d7cb3f744255259a4ded02cb354f5bcf,2018-02-26 16:11:50,0.00000,0.00000,0.00000,,False,
fe1fa775d818957a76304c35e1939355,organic_search,618b0524377e106190c0c91cacdb4b78,2018-05-11 03:00:00,0.00000,0.00000,0.00000,,False,
3cab34e6c6a51d1f2ca8e76908c62368,direct_traffic,44717f64ec2a457979cf83c429077666,2018-04-05 19:05:16,0.00000,0.00000,0.00000,,False,
bfaf03e3d41e25b94457fadfbc4521eb,organic_search,b0289c0c1f9f84008e7b4dbf795c4676,2018-01-12 18:25:57,0.00000,0.00000,0.00000,,False,
9675f0018d103531e073a3da2945df41,unknown,b0ec35adb04cfa85d3e0ff3f79c186a3,2018-05-17 21:47:38,0.00000,0.00000,0.00000,,False,
1accc1c92278a9bc2bbc6a8002026b25,social,7df961ce758538004de6db0f5b9d7b6f,2018-04-17 14:51:42,0.00000,0.00000,0.00000,,False,
8f118ab2a5c0d99362fb67e29856acab,organic_search,94d76e96eedd976258cd3278ce56d5f2,2018-02-07 20:39:32,0.00000,0.00000,0.00000,,False,
626dc1c3716c817b064632fded168e35,organic_search,b5e7d871b063f34de611e8b448e63f2e,2018-02-26 16:09:48,0.00000,0.00000,0.00000,,False,
4433c8475916d6e6ebb8cf4994d2f1d1,email,04ed0495537199603d4930fc5c0dd026,2018-04-27 14:07:20,0.00000,0.00000,0.00000,,False,
cf8f0678e67cb002c2b68f9f68629885,paid_search,bed6d1f6c4664ab8cf3abf3821727756,2018-03-22 21:20:42,0.00000,0.00000,0.00000,,False,
299d8968ef74c5086cb3ee21f13ed27a,unknown,377bc18334c78dd2f1535ef22a3ad225,2018-03-07 22:08:32,0.00000,0.00000,0.00000,,False,
e9dcae4d924ac8fff2334db6e5b99482,organic_search,51fdd5d43db628fada4588f89aba3e8e,2018-04-11 20:19:49,0.00000,0.00000,0.00000,,False,
081c243a74472af67b65145cff5221c7,paid_search,58f1a6197ed863543e0136bdedb3fce2,2018-02-27 17:30:22,507.00000,3.00000,3.00000,2018-05-10 20:49:54,True,72.13856
39ecc5282d4511dca4c757113e1312d1,organic_search,65febd49fd28ec955651299159b1f527,2018-03-19 18:58:47,1655.84000,20.00000,15.00000,2018-04-17 10:14:25,True,28.63586
02c1f06978b821b2996ec257932f2947,organic_search,9b1585752613ec342d03bbab9997ec48,2018-05-11 14:22:51,749.00000,1.00000,1.00000,2018-08-07 10:52:58,True,87.85425
072446c6aa02c85a9a91d6a75116def5,organic_search,cbf09e831b0c11f6f23ffb51004db972,2018-04-10 18:20:00,778.50000,6.00000,6.00000,2018-05-03 11:21:25,True,22.70932
0d8b45d95dc4bd9712dc67f87db79a8e,paid_search,4f0d637c1197fd65405ebd755ac9f86b,2018-03-12 21:20:49,89.90000,1.00000,1.00000,2018-05-30 21:48:24,True,79.01916
fe75268bb28b40ef89979d0ec2c54497,direct_traffic,dbdd0ec73a4817971d962698f2fea022,2018-02-02 13:08:11,399.00000,1.00000,1.00000,2018-04-30 11:04:32,True,86.91413
409b474080e928bbb5664659407b5947,paid_search,6a60bd6a4afd5fc86b75b47ec502df7b,2018-05-16 17:48:30,0.00000,0.00000,0.00000,,False,
2b73fd917ee9cc38ec528df06d5b8561,paid_search,46bec94e1e0fc413b6adb1d1bd175477,2018-05-25 16:36:57,0.00000,0.00000,0.00000,,False,
58b26e6eaeb6ed078b51e6cde7925d71,unknown,2aa8585964d74f71e334a6c3de2ddc27,2018-02-05 18:36:39,0.00000,0.00000,0.00000,,False,
15992174039ff729f588d6c82cf022c1,paid_search,6cd5309bfee39493f71de0350e837b3d,2018-02-15 18:21:28,0.00000,0.00000,0.00000,,False,
239ce949b3bcb25a0c47779fe37c80e0,unknown,caa9bc43a9fe8cf9c564ddd8a03cc4a6,2018-03-28 16:09:52,664.90000,10.00000,9.00000,2018-04-16 13:04:33,True,18.87131
b8bb2a1d59f4ecae0646fc039b75391e,other,fe87f472055fbcf1d7e691c00b1560dc,2018-01-23 12:41:16,0.00000,0.00000,0.00000,,False,
6c6094f256f51e83fe02bce6091163e7,organic_search,da4d149c0ddbac90557103ac0a0ec356,2018-01-11 17:16:48,0.00000,0.00000,0.00000,,False,
0b32d6a87c09c32b3cd90dfd5ef5699f,paid_search,4dd7866cf496e0c2fcfc93a4589dc1be,2018-04-27 14:04:06,0.00000,0.00000,0.00000,,False,
f63f7107398c54c17b5d14eadfa76842,direct_traffic,bc2579cde838eb0fa8477f7efb1298d1,2018-05-10 20:10:08,0.00000,0.00000,0.00000,,False,
10fa97233fb64af4b6ce8316d0bc2eca,social,693660429f9dc4ff704eb3d88dad54d7,2018-05-25 21:25:11,124.00000,2.00000,2.00000,2018-07-22 17:24:17,True,57.83271
cdd41e8e7e609526df11a959b953cc0d,organic_search,7d7866a99a8656a42c7ff6352a433410,2018-05-30 22:29:56,122.99000,4.00000,4.00000,2018-07-03 23:18:04,True,34.03343
3c13b54db21952663b5775d142be0ed2,social,657969cca82e884d272385ec0ef06edd,2018-02-08 19:03:20,69.90000,1.00000,1.00000,2018-05-01 10:10:41,True,81.63010
88e3fa7a7462c4ce017655ee2ea2ad46,paid_search,a50397ac35dc51ce40c4c3117828e4ec,2018-03-28 19:05:44,0.00000,0.00000,0.00000,,False,
867b587b7c0da5f1af73b47803e60859,paid_search,d65d93b215feab3f997441e1e0a98ca5,2018-05-14 19:26:01,0.00000,0.00000,0.00000,,False,
5bee2861956d76fe35e91c33bc4a81b3,paid_search,dda37071807e404c5bb2a1590c66326f,2018-03-26 20:08:26,199.99000,1.00000,1.00000,2018-04-24 08:37:20,True,28.52007
1e2001dab6238763e58c775cba225a16,unknown,85be0b7181c48c393007b0002fdec79c,2018-04-30 20:47:07,0.00000,0.00000,0.00000,,False,
503831c6265361a08aa4113b4d867178,paid_search,4a1f694197d05fe70026b016a7316b41,2018-02-02 11:25:23,156.97000,3.00000,1.00000,2018-02-17 01:22:20,True,14.58122
bc55d3363ee659d6ab6c908b932c7705,paid_search,3d3ccf2b2f8134b10dce9dd446f0e075,2018-04-25 18:28:42,176.30000,2.00000,2.00000,2018-06-20 21:14:59,True,56.11547
1b34d47c57a081fbfeec93a1065e69bd,paid_search,2cb6eb1b7185064167657fa09f541105,2018-01-15 17:14:00,317.70000,2.00000,2.00000,2018-02-20 22:32:06,True,36.22090
f89b10e626692ac7a87c19d69f261db2,paid_search,964cb238d75d1e6c6e1f88adcdf14f42,2018-03-07 14:24:51,0.00000,0.00000,0.00000,,False,
1d0949fd6674f963b44662838ef3ae09,organic_search,167bde8a09cb3196874f3f7e2753a98d,2018-01-29 20:43:42,0.00000,0.00000,0.00000,,False,
a463cac2327534f6f02563ffbdf92918,unknown,c84592044b180dec206770c38603814b,2018-01-30 18:06:36,253.96000,10.00000,10.00000,2018-02-28 14:53:09,True,28.86566
4b4234f02431d2179f5d18fd1db0ef8e,organic_search,c3e1abd72a42fe690fcd89cf5720fe29,2018-04-27 12:40:32,1560.67000,11.00000,11.00000,2018-05-22 19:45:11,True,25.29490
05ede5cedad6c61ef99376296b0699ef,organic_search,4d0041cdbe51b4617d95c70b19decc74,2018-04-20 19:29:22,4905.40000,6.00000,6.00000,2018-05-10 21:50:13,True,20.09781
8aa7c17161d6a6270218e8a7b0806263,direct_traffic,4e0bb097aa0fb4e2f9a146b77698427a,2018-01-19 02:00:00,0.00000,0.00000,0.00000,,False,
90d2301e323b1809708324229782def2,direct_traffic,77e81c45f03c23a7b43dbb0bdd905dff,2018-01-12 13:49:28,0.00000,0.00000,0.00000,,False,
e5d0a99e3684733914f594116839e0c2,unknown,2fa13c8bd5705d279f7ed5cc9ec61c68,2018-01-18 02:00:00,0.00000,0.00000,0.00000,,False,
790d8fa56e05ff05080e6e66fae0272a,organic_search,9e54d45e5f30ed4f296bd25d4edada20,2018-04-04 20:55:17,0.00000,0.00000,0.00000,,False,
3461d99a30c72933c66cac4f1c02bd14,unknown,18e694e0e48ed6f7aa3f24aade5fd697,2018-03-27 03:00:00,117.39000,7.00000,6.00000,2018-06-05 19:28:28,True,70.68644
0338bf13624f52beaca91ec4a23c860c,display,667ee4b0aece58908fae3fd1649b7e6c,2018-04-30 13:30:05,0.00000,0.00000,0.00000,,False,
b9ed46d1ff01c4fb8e3f2453091804d0,organic_search,7816cd9c5b1238e320545f5bf7eb80e8,2018-05-14 19:41:58,489.00000,1.00000,1.00000,2018-05-24 21:30:11,True,10.07515
38427015e9934ea855bd9adcdf32055f,paid_search,713a71465d58d5315a36788861dfec4a,2018-01-22 17:43:36,0.00000,0.00000,0.00000,,False,
c3daacb733cbbe636db5b70ace98d520,paid_search,4d54524ebf3e26769edc397a2eb26462,2018-05-18 13:05:14,0.00000,0.00000,0.00000,,False,
593f4a8705fd0d72d47efb651bdfb135,display,8dc50970bc5ef0bf96e6dc401caf0c1c,2018-05-23 21:00:58,0.00000,0.00000,0.00000,,False,
be8eca3856293b0591f6240af2b62091,paid_search,c963a25b8671419c6ce9eebe8fd03218,2018-03-13 15:51:54,49.00000,1.00000,1.00000,2018-05-01 01:28:38,True,48.40051
42e63e1b4d6aa921fd566bdef26e5ef4,social,2aafae69bf4c41fbd94053d9413e87ee,2018-04-19 14:13:04,59.00000,1.00000,1.00000,2018-05-24 15:22:39,True,35.04832
d57b5430f8c6a9fa9d91cb60bd237336,organic_search,3c6b1149911003e599410f60c7735bc6,2018-02-28 19:15:15,0.00000,0.00000,0.00000,,False,
fdd68c10c38eb2811cbf1e13bc95b5a1,organic_search,65d5e688c5bba88c62953b3a97264d54,2018-04-18 20:19:00,0.00000,0.00000,0.00000,,False,
f7066703eb3987f21f0d102ea8caaeb5,organic_search,013d100f608a64ec8275c038aedeb064,2018-04-06 14:15:21,0.00000,0.00000,0.00000,,False,
8423896e04d8cc356ddbb29d4cc9288d,direct_traffic,d66c11a9572221d92fbb8c4897db5f9b,2018-04-14 03:00:00,198.92000,5.00000,5.00000,2018-06-23 22:12:28,True,70.80032
1991b2c8479598ad84ed59f5446bb589,unknown,77d0bfeb12a6711682cc61a508f87313,2018-05-23 13:57:13,0.00000,0.00000,0.00000,,False,
180d9ac0990bb42907fe9cc7aa3eb5a1,unknown,01fd077212124329bac32490e8ef80d9,2018-03-28 22:45:45,437.00000,18.00000,13.00000,2018-04-16 10:44:09,True,18.49889
0c28423a88b5dbffd0d1ee2aec41efd0,organic_search,c0199604c0ca0863cd20b95aadd24427,2018-04-06 21:43:37,0.00000,0.00000,0.00000,,False,
af1ea7c59c7e37f0b95b48bc972ceb67,unknown,7461606ae81596a71b8a98fd0f2460b2,2018-05-25 18:04:39,0.00000,0.00000,0.00000,,False,
cb92c899ab0e2c0fcf4d4e11e9930f6a,paid_search,9d213f303afae4983637247556438ede,2018-05-11 12:46:58,47.70000,3.00000,2.00000,2018-07-14 00:04:42,True,63.47065
6bdffb19c15963b8e630b6a1861b477f,unknown,76bf0e3e7d311d9069d4512cc1a232d7,2018-04-24 14:19:33,0.00000,0.00000,0.00000,,False,
834e43588167648b6f83961cf22f940e,unknown,4ff8d644ff76721b86fdc7c75c48d4a6,2018-05-11 19:21:23,0.00000,0.00000,0.00000,,False,
688026f6edb29cc7c96b287b186b03c9,paid_search,59ddca14932ec5557c099a51c4d5a58e,2018-04-27 13:27:25,0.00000,0.00000,0.00000,,False,
9577014358ebabb5010e7513a7439a82,direct_traffic,f1b854361f4e15d5851b494df66f22b2,2018-04-11 16:05:14,899.35000,3.00000,2.00000,2018-04-15 17:02:51,True,4.04001
c6c02ef92aa0dcb6c333a27cfb22d47c,direct_traffic,c8665a4dd081a2c436b1cd921079d0d9,2018-05-10 17:13:16,79.39000,1.00000,1.00000,2018-06-18 12:48:25,True,38.81608
22c0b2a19a05fff19e92fab5a0b7728b,paid_search,138dbe45fc62f1e244378131a6801526,2018-04-25 17:19:34,684.10000,39.00000,35.00000,2018-05-07 11:11:27,True,11.74436
41fb0fd43593de7d24448de9f5aea38e,paid_search,b25ec1aff84400104d63eadc3b3052fa,2018-03-19 20:04:46,0.00000,0.00000,0.00000,,False,
7b27ab2fbcbe3b67935da0694742ed0e,organic_search,3917f19baf48b61b7c9a106ea10ad953,2018-02-16 18:51:56,0.00000,0.00000,0.00000,,False,
bea6f48261d29b0dba555367e277f670,organic_search,eb72802c83dc7547529c9546d1a9b8ef,2018-04-30 17:43:10,1063.92000,8.00000,8.00000,2018-05-07 20:36:52,True,7.12063
84ca5950143557353793f24e65e1af22,unknown,b67d6c666e8dce1d078c882825e12704,2018-04-20 14:26:36,212.14000,3.00000,2.00000,2018-07-06 12:11:22,True,76.90609
68482ad368c7b9779cf50a7164815379,unknown,980640c45d7a4635885491d077167e4d,2018-05-24 20:25:11,1004.29000,14.00000,14.00000,2018-07-01 09:14:54,True,37.53453
70699f79c6aeddeb2d322d7074c2f366,paid_search,d84ecc09e7c9517825a219be37aca08b,2018-04-18 19:26:35,0.00000,0.00000,0.00000,,False,
29ed0987440c24898ae109b05a1d3f8e,unknown,dc7192adf8ba09569261f4a8d576afe0,2018-05-11 20:38:50,161.00000,2.00000,2.00000,2018-07-22 19:49:25,True,71.96568
85fb7822c0e202d4b3bb8c1ad5e0280c,organic_search,43037711a5c131786d1633e96185d278,2018-03-15 15:12:53,0.00000,0.00000,0.00000,,False,
0c1a046883bb8a4141228501feece7c1,organic_search,c30eb4a935f1ea375393aa691a69b19c,2018-02-21 12:30:22,0.00000,0.00000,0.00000,,False,
ab65e1a4d850fa15d38469a1ad02ce90,organic_search,ffad1e7127fb622cb64a900751590acd,2018-02-02 20:42:47,235.60000,4.00000,2.00000,2018-03-13 14:21:08,True,38.73497
2f45fb6d3d46af0423ad2813249ac4a2,organic_search,7b98de631987e26dd6d803490c43a13c,2018-05-08 17:18:41,634.20000,8.00000,8.00000,2018-05-22 15:14:41,True,13.91389
c733f4f772bfa7b8702ccb81887f8333,paid_search,77d81755dbf8e62faa0fb683e1a802c6,2018-04-28 03:00:00,0.00000,0.00000,0.00000,,False,
a7949e3bfe0d90df9ba1700365ac42c9,organic_search,4018093c0809ddcb1f633ed5cc3f5eb2,2018-03-09 17:24:41,0.00000,0.00000,0.00000,,False,
1024cf4dc7f44bc2296769309fcfb4e5,referral,a63bfbaa882c8f4542891b4e2246cc7f,2018-05-24 16:11:06,5134.00000,5.00000,5.00000,2018-06-11 23:01:49,True,18.28522
352409af828b39fe2353dfbe5e813752,direct_traffic,33d677f27a69b84051204ee4ae76eaca,2018-01-10 19:40:52,29.80000,2.00000,2.00000,2018-03-17 19:07:43,True,65.97698
b1e32544dc409b126235d7b5bc98246e,unknown,92887d76687f9477f1c7f759bc4a225b,2018-03-07 03:00:00,0.00000,0.00000,0.00000,,False,
bf5b131e6aee15fa373fb4d113b4a65c,referral,8a8835a43bda99fd37310ad76c457510,2018-05-17 12:09:33,224.34000,3.00000,2.00000,2018-07-16 18:39:09,True,60.27056
ee488918cd8d11b893067864f9dabddb,unknown,0873d9f8f36123f8d910f4760e788cfb,2018-03-27 03:00:00,2526.43000,2.00000,2.00000,2018-05-07 20:22:07,True,41.72369
145bce9926e5e1adbddd13d9ee519c3e,organic_search,59bbc819b99a733f02f0d6b49d1c253d,2018-02-06 02:00:00,0.00000,0.00000,0.00000,,False,
aa65c38536b38e859fdecdcea7335154,paid_search,61b18775be84fb700a6b2d0ba097bf66,2018-02-27 19:13:04,179.80000,2.00000,1.00000,2018-04-16 20:07:20,True,48.03769
24227051b98de30e484412134e0d0e49,organic_search,761681a821d8275bc79f552116d06869,2018-01-16 02:00:00,0.00000,0.00000,0.00000,,False,
e29db7c8b090e8df0246f5a54cd72799,paid_search,1a8e2d9c38b84a9702ac7922924b0573,2018-01-22 17:11:43,80.00000,1.00000,1.00000,2018-02-06 10:54:24,True,14.73797
b145d383541b505a53c5715a21385f80,referral,a66aed6f85eb3f719792329338875b72,2018-04-20 12:18:30,0.00000,0.00000,0.00000,,False,
a58f8a3280b2dd6440d88af9decb9b1f,organic_search,c32fc744b9160ac853450488e3cfea93,2018-03-05 20:54:03,29.90000,1.00000,1.00000,2018-05-04 14:21:11,True,59.72718
fc723a87e241c9b3c2e5fd4df4ff8e9d,organic_search,9803a40e82e45418ab7fb84091af5231,2018-03-09 14:18:20,3190.00000,9.00000,3.00000,2018-05-19 10:45:27,True,70.85216
a7a8f7739ddc1abdd3bf7d4f9d8a911f,organic_search,ec8463980a4e0ea9f8517aea1ed0c419,2018-04-09 18:58:34,0.00000,0.00000,0.00000,,False,
9e7f111f15db1aa3830cd806660d7b97,unknown,80b2f7568a7016771f58c5b981da3ae3,2018-05-21 17:29:17,0.00000,0.00000,0.00000,,False,
768a02c350549c32585575742d6c29da,organic_search,e52a436a49da33527c29e1b5fbd09317,2018-05-14 19:17:03,0.00000,0.00000,0.00000,,False,
647715020a35f278c5ff9de26e2a4f9b,paid_search,f9eda05b67bef472deaddbba84aca289,2018-03-07 17:11:48,0.00000,0.00000,0.00000,,False,
a0a7ffa593070c447c15f66e0aab9785,organic_search,ffa6adafb71b807dc13159e26431354c,2018-02-20 17:44:19,1527.00000,11.00000,11.00000,2018-03-16 07:38:09,True,23.57905
55dbee9943100076f718829ec0359185,organic_search,14c9e2cbff9aaf67afd967798a651733,2018-03-23 17:58:38,0.00000,0.00000,0.00000,,False,
4fdeceef54c4e757fdbf8ea9132b22c9,organic_search,447d377bdb757058acb569025ee18a93,2018-01-26 12:23:51,64.99000,1.00000,1.00000,2018-02-02 18:46:41,True,7.26586
d348734a9ee240ebc4c0937a6e755621,paid_search,f0533bc9cc3111a0b2f8198157a34571,2018-02-07 18:11:05,0.00000,0.00000,0.00000,,False,
0f7a3e9f4a5a415ee8d01aa7ad65ab7a,unknown,1f7dfad2cb384ea4d2d7e1ffbd78c407,2018-04-20 03:00:00,49.00000,1.00000,1.00000,2018-05-05 13:16:14,True,15.42794
e84d3444422cda735543114cf5df6b95,unknown,db2956745b3a8e9f3785c99f34b5d25e,2018-03-22 19:35:04,4293.00000,24.00000,24.00000,2018-04-14 15:12:34,True,22.81771
70e177868d7bc383ce3ea10b6f976ada,organic_search,c5f7e746b7e6d07def6c0dae9903279b,2018-03-01 12:22:46,319.00000,1.00000,1.00000,2018-04-15 18:59:34,True,45.27556
cdca41db5ada4bf3e8e608a495066165,organic_search,bf28429c4b2c63d4a66f2a1ef89e7cfa,2018-02-16 20:09:12,0.00000,0.00000,0.00000,,False,
479f751686a3b7f1783994dd56619558,organic_search,684ffe8bd167b50565e8546d7a99ec63,2018-04-17 18:12:47,0.00000,0.00000,0.00000,,False,
b43f5f80ddc7bcfebd6cd94e13554e4a,direct_traffic,0fca1de8751a104ca87890f19f363d4d,2018-03-16 14:22:29,0.00000,0.00000,0.00000,,False,
860e39bc33e7c4ca4c26ec67979cc290,paid_search,4bfc7a4a1cf8d4d2121c27422d9e50b5,2018-03-08 03:00:00,2772.20000,17.00000,12.00000,2018-03-25 20:34:15,True,17.73212
03ba283fed2772f4e477eea4f0f236b8,organic_search,98d634015211a1cd9b861e59b6d1b79b,2018-03-16 13:57:28,0.00000,0.00000,0.00000,,False,
9f11e692a2a53a8382be86ee9713763c,paid_search,6267b2cd3c8d9bfa2cc778c11d54e76c,2018-03-15 19:10:24,0.00000,0.00000,0.00000,,False,
a045219c760c6f765dfb3c5a6abf54c0,unknown,6e1706430e9dda78c8d2d5dd1f36d545,2018-04-30 20:58:34,0.00000,0.00000,0.00000,,False,
d2108470e2824da1f619e91a0e4784d0,unknown,762fafdaa57a532ee0119731697579dd,2018-02-28 22:17:25,0.00000,0.00000,0.00000,,False,
d8da124409cad437d5d2c35b101e3b91,direct_traffic,d263fa444c1504a75cbca5cc465f592a,2018-03-29 12:34:47,0.00000,0.00000,0.00000,,False,
37e3398f030e206491f4a61b69d39faa,organic_search,cb9942fc1981289d7e809573bc69c7db,2018-01-22 13:22:05,0.00000,0.00000,0.00000,,False,
b5d3329593899c7a29511c6110bdc575,organic_search,2cadea330183af560c84a87409e5c0e0,2018-03-19 18:20:11,0.00000,0.00000,0.00000,,False,
50cd562760a5819b07a9da2239046ef0,direct_traffic,95081451c156a9d11136ecfc5422a20f,2018-04-24 14:04:51,0.00000,0.00000,0.00000,,False,
70217dd96da535e0b862ae12245c8906,paid_search,3f9be91358837bff69df67edfa3e42e8,2018-03-01 17:44:43,569.70000,7.00000,7.00000,2018-03-30 11:29:18,True,28.73929
29237848f862237c97d24f2cd71f89c9,social,b6a59a960c14aab3c683a673d03ca2ab,2018-01-23 11:33:43,0.00000,0.00000,0.00000,,False,
a4caf71cf38708eaf17117f78fa61c9f,organic_search,871708b5b0c28260241a7ddbcec894c3,2018-04-19 18:10:32,0.00000,0.00000,0.00000,,False,
3d98ceed3d2937a5e819cd5b239220a3,paid_search,4867209cb29b56b92893d7bde3ce8012,2018-01-29 11:26:57,0.00000,0.00000,0.00000,,False,
e9356c402558dcf285db53208880d47e,paid_search,e9179018f5d095c744e8a333264f99d1,2018-03-05 12:52:26,0.00000,0.00000,0.00000,,False,
5c490b208aeecdb2af2f4b6fb696a6fe,organic_search,5e8fbfbb0b53e303caf57d7408627b73,2018-03-23 19:56:18,0.00000,0.00000,0.00000,,False,
a397cbaf77babef6e8fbbe9b72c7bee7,referral,946a07c34ff7e9eafa2d0ad6c45340ec,2018-03-16 20:22:47,0.00000,0.00000,0.00000,,False,
518f741fa426a51c73533c621e5c8107,unknown,d4ffeb15b67e81ff9af2b4252d99fb7e,2018-04-04 17:31:09,1242.50000,11.00000,10.00000,2018-04-26 13:43:04,True,21.84161
7c01802bb3674e5af58547b0395bcb2d,organic_search,5e9f5bd34e0830569f05c9d4f56e04a8,2018-03-28 03:00:00,0.00000,0.00000,0.00000,,False,
abcb67d98a01dcf18478fd47823a8dad,unknown,b3a449163f5fe8657f2f0c83f41e7a5a,2018-05-21 14:06:49,0.00000,0.00000,0.00000,,False,
8f8161d3a6bdf6a3ba5b28fd35725356,organic_search,c03fd7fd50f9f421847d970502fe5d26,2018-04-11 22:21:15,0.00000,0.00000,0.00000,,False,
6e4e57e5aacf1a8feffa258c2c6ff947,organic_search,d8bf0fc082fd4a77fc2e5679b6c00133,2018-04-06 03:00:00,0.00000,0.00000,0.00000,,False,
384008daaa0f14b58912d8648101fdd0,organic_search,8a432f4e5b471f8da497d7dc517666e2,2018-03-12 17:30:06,3204.00000,46.00000,39.00000,2018-04-05 11:05:44,True,23.73308
2b9eb12abdcf58e92fcf797a1eb2983d,organic_search,108ca0788dee2b34051cd325dd9eafed,2018-04-03 20:47:56,0.00000,0.00000,0.00000,,False,
586e57a7ef16035bd85e2dcf44248130,social,03a2a6dcbe45d639c4dc2a0d24769c40,2018-02-09 18:11:10,575.77000,4.00000,4.00000,2018-03-13 08:11:07,True,31.58330
99fc32e3c05e03597a692c4fd9a9d162,referral,6a38087bc8ad4f89ff453561005f6dea,2018-05-11 21:26:07,1197.83000,18.00000,11.00000,2018-05-18 10:34:41,True,6.54762
e866f5b284008f65db1641dae437f9c2,organic_search,d9a84e1403de8da0c3aa531d6d108ba6,2018-01-30 11:33:40,724.10000,23.00000,22.00000,2018-02-22 15:13:31,True,23.15267
e5c8f30b30415b1fc94d820ba9d4d08c,organic_search,f12d3c2a14729ae461b920c11fe20fdc,2018-02-02 13:10:58,0.00000,0.00000,0.00000,,False,
fa5e2d8f160a9160ba19cf589cdc017b,paid_search,cdb142290473bb9442f55741e430682e,2018-04-11 15:15:51,0.00000,0.00000,0.00000,,False,
3efcf88e3453fc6d9ce464e51d3a81d4,paid_search,a8739afb32aaa45e01815ca76f76f54b,2018-02-28 17:16:01,0.00000,0.00000,0.00000,,False,
9375fea0a120ddcc052f02b81cde38fe,organic_search,a6a52627793bc24c517d364354c20f6f,2018-05-18 20:27:46,0.00000,0.00000,0.00000,,False,
3da19335c0dfd2c484d977ca16bfebd2,direct_traffic,5bf397d04035b5f45cc41e82ec106803,2018-03-13 17:16:23,1270.00000,3.00000,2.00000,2018-05-08 22:04:11,True,56.19986
7318634fbf3172a58af7c638ddc76184,organic_search,bbe9a13ea83539951c8edfc200565bad,2018-04-26 13:40:00,0.00000,0.00000,0.00000,,False,
9b4e84017d08b6576f1282367901c964,unknown,8bee95b757e33c86511de3f9311100b9,2018-02-27 13:54:11,0.00000,0.00000,0.00000,,False,
4dcfeaf97d0aec9f35e384d9c3624b39,organic_search,d1ef48b38baca7e831711c4a0aeb398f,2018-02-15 17:22:47,687.99000,20.00000,16.00000,2018-02-23 12:26:34,True,7.79429
a6807243689c76d0e34230e8e6ce5ca9,paid_search,e5cbe890e679490127e9a390b46bbd20,2018-04-25 22:04:32,329.99000,1.00000,1.00000,2018-06-11 22:31:34,True,47.01877
0d7c4c62f923a1527f1e9e5bb30e5d60,unknown,e6bb1e7ea5580c5b9f0970407b3f8c7b,2018-03-29 18:12:58,0.00000,0.00000,0.00000,,False,
4e92cdeada5b8e753d95bc8c5c219f6d,paid_search,723cd880edaacdb998898b67c8f9da30,2018-03-09 20:12:38,1148.58000,4.00000,4.00000,2018-03-27 12:41:26,True,17.68667
c263e540e76c57607b5e1b613fbc8732,referral,a2fbfee48b1a9b455b126c70e421ec91,2018-04-25 16:22:26,0.00000,0.00000,0.00000,,False,
3c0e7686e6e39489f6a45f6c7ec0dddb,referral,7020bbe82544a814b5665a2887119267,2018-05-25 15:00:14,0.00000,0.00000,0.00000,,False,
18f5d73a3c6b68160f6aa7fd089423b3,social,36f98ad67cc981f50ce8aed093d5783c,2018-05-16 13:32:26,119.40000,2.00000,2.00000,2018-07-25 11:04:58,True,69.89759
0d6080ffaadf8f8fd9648afb791c29c2,paid_search,83c465a786b06574376909b35ef6752a,2018-04-23 19:26:30,187.60000,2.00000,2.00000,2018-06-25 20:24:55,True,63.04057
973f72ab89f64e22470778a9bd1ea10f,direct_traffic,6c99c983ce3b6ba0ab813e6790e81691,2018-04-16 18:25:12,401.78000,6.00000,6.00000,2018-05-31 22:54:21,True,45.18691
bb221b9bbbf25cc108cffe12fe10fbc2,unknown,5e105f5c9f63f5f1fd75d6cb942e55b1,2018-01-30 11:42:01,0.00000,0.00000,0.00000,,False,
fff8db9478d2fd72df65a67ee6b62f67,direct_traffic,bdae679a9b282249bc23b9b69dae9a99,2018-01-24 15:19:49,59.99000,1.00000,1.00000,2018-02-14 11:37:48,True,20.84582
d2ac71782272659e7171150d20d59158,missing,3387acafd8bea46d73fc50cc9f7e2a9a,2018-05-15 21:17:04,0.00000,0.00000,0.00000,,False,
085df4d5a370218b679cfab2121cd194,organic_search,52a50b42accf164f9f019941e5759d9b,2018-05-04 03:00:00,0.00000,0.00000,0.00000,,False,
b68eec99f3b66e98022e60843901fe3e,social,45f04cd6eccb0a2ab2ed62d4939ca2d2,2018-03-16 19:52:21,0.00000,0.00000,0.00000,,False,
cbcb32994827a5c4ef1b8a630a4fa66e,organic_search,da7039f29f90ce5b4846ffc0fcc93beb,2018-02-27 17:13:23,547.80000,11.00000,10.00000,2018-04-20 08:04:26,True,51.61878
3ce39e5e8a82aa26e73fb52221089d5e,organic_search,59055625da956ae84296c08491141984,2018-04-30 19:28:30,0.00000,0.00000,0.00000,,False,
614a4db226bdaf4ffdbf60e37eda9213,organic_search,47ff0b75e3609b6b80fbd1450384a623,2018-05-04 03:00:00,0.00000,0.00000,0.00000,,False,
3de2f5d6b216073b662a9e202fb4b556,unknown,f22a247b79dd22ecd91dc8e3b2a1b07c,2018-04-18 14:08:11,208.98000,3.00000,3.00000,2018-05-02 15:21:52,True,14.05117
b53cbe6da81db747a73e52a5a48d2703,unknown,87193a47e93a5c1912254392431f524d,2018-02-15 14:37:04,0.00000,0.00000,0.00000,,False,
a02248212328cdea5940d1c050f6c6e1,social,b12cce16926aca79e4dc5483947792cc,2018-04-27 16:24:00,0.00000,0.00000,0.00000,,False,
de615d957b9c5f4b8fd48893f7267a15,referral,98932494b926a74eda339b76ce0b4bc0,2018-05-25 22:37:08,0.00000,0.00000,0.00000,,False,
08a7223e876a045d511074e8c9c8e937,social,7cae39bbb9e55772693688c5afd957e6,2018-03-07 13:56:43,0.00000,0.00000,0.00000,,False,
47a752e75a196b3b4edd825252ccf97f,paid_search,bb7ad8a45c027be8ab075b8e465f8ca0,2018-05-21 19:55:20,19.98000,2.00000,2.00000,2018-07-22 22:54:11,True,62.12420
450b9ff6579ee8138f673984554e8a93,organic_search,1cbd32d00d01bb8087a5eb088612fd9c,2018-05-02 14:23:32,792.24000,7.00000,7.00000,2018-05-10 14:32:26,True,8.00618
e3c586bec59ecb0430e34fb6bc37fb8d,organic_search,28d365edb9c888771df5915b575f8f34,2018-05-24 16:47:23,0.00000,0.00000,0.00000,,False,
c2174952a0255de7fb31b91a037f1e16,organic_search,67edf85a314145ec81e546794dbc31cc,2018-01-18 20:02:48,0.00000,0.00000,0.00000,,False,
115f08592f4c2bb29013efbbc46608fc,unknown,ffc470761de7d0232558ba5e786e57b7,2018-02-14 11:48:29,784.33000,13.00000,11.00000,2018-02-20 18:47:21,True,6.29088
ff89e8ee1db049c810a2da86c84c6bd5,unknown,07de60b03d150fb3ea09eab5da5e4c8b,2018-01-24 17:14:32,179.80000,2.00000,2.00000,2018-01-31 23:06:27,True,7.24439
2b9b8e32584fe9897d8aedde5bc04ed7,unknown,86ff3eaef0267069cc891a2ed9d10a17,2018-03-29 18:06:54,364.76000,6.00000,6.00000,2018-04-17 15:19:13,True,18.88355
bb10ba1898d78d59bb76db2493ca511c,organic_search,299c89a525fee36c567f4fe72f038100,2018-02-28 03:00:00,0.00000,0.00000,0.00000,,False,
d94101ad400cbaf86b951c78f8172039,organic_search,fc7adf89a5d4fb88c007094fdae351c4,2018-02-27 12:23:13,0.00000,0.00000,0.00000,,False,
f5f0711534e0b5d69c8e4206dd17cd88,direct_traffic,f66425655311542de5db64f27d0d5651,2018-03-19 17:36:04,0.00000,0.00000,0.00000,,False,
04f8b803895d585e29bf21162e49cc84,social,3ea08c48e851106d2f584349daba335f,2018-04-19 17:11:18,170.00000,1.00000,1.00000,2018-06-13 21:43:00,True,55.18868
57a80e778f3d755b4f2166e6a60826fd,unknown,bea51724befa11664f1d44a92ba8f4c3,2018-04-18 19:01:21,0.00000,0.00000,0.00000,,False,
5c3fd6f239bbbd47b94fb424c8827b2e,social,528f22dfa20a3de9375b2b38e49cc617,2018-05-04 03:00:00,0.00000,0.00000,0.00000,,False,
099c0eddd44f937ac2facf3a72263b7f,unknown,2d34636518ba88f5349b732fcf8ba2e4,2018-02-19 20:21:26,150.00000,1.00000,1.00000,2018-04-30 20:25:31,True,70.00284
644b522e92999426ab230d94a4bb4512,social,e6cf587c2552879f7471e7e8c993ea1c,2018-05-07 18:22:39,0.00000,0.00000,0.00000,,False,
d2e8ac40dc18011d5ecd890846f36ec1,paid_search,503ad3c3811010c6ba4577f411724b13,2018-04-27 03:00:00,0.00000,0.00000,0.00000,,False,
ee7230dec6c5cf2229f0a706a265ca49,direct_traffic,e8dba4d70f7f2b20e775d09cae01142d,2018-05-14 20:15:57,618.94000,6.00000,6.00000,2018-05-29 21:59:03,True,15.07160
05b99715f32c973f929cd22735389966,organic_search,bbe87dce25ba8b38bb61cc7210a3f10b,2018-03-22 15:07:28,68.00000,1.00000,1.00000,2018-05-11 10:13:31,True,49.79587
f9cb3124b5a22b133f21273ef2cb0695,social,9e3f08af3b6caa76962b05087eed5425,2018-04-16 16:58:06,0.00000,0.00000,0.00000,,False,
2a0433fde38b262e5db7db757057c7c0,paid_search,94165aea8a35c3c21499cbcae239b16c,2018-03-16 14:14:20,180.00000,1.00000,1.00000,2018-06-07 18:01:09,True,83.15751
a244f80bac3293a03b71b032e0e09ce5,organic_search,43ac443db8d4fbfb1454aa1364404264,2018-04-06 16:56:39,0.00000,0.00000,0.00000,,False,
dca7085d5af68e91d19ed7cb75e1dd86,organic_search,54212aa507a8696b0766046bd3aecdc3,2018-03-15 12:43:46,0.00000,0.00000,0.00000,,False,
3efcdd8c4998017c9578b28a059f72e4,organic_search,267116eae2e631a965ef86be260f9278,2018-03-07 19:04:28,0.00000,0.00000,0.00000,,False,
53be01f4f05aebe9d0c69268ac1999ce,organic_search,3d2531eccfbde1d7c8db7a3a12fb267a,2018-03-09 12:49:20,499.95000,5.00000,5.00000,2018-04-24 10:19:45,True,45.89612
501f06dacc74edd54022151f71c8960b,social,770145ac7913d8d3ace8aa83a1304938,2018-03-26 20:54:23,0.00000,0.00000,0.00000,,False,
c07c69d716213f5eb297e2721115daca,organic_search,cf8ca2db83470a73b7cebdd86ea96fb9,2018-03-21 16:16:52,0.00000,0.00000,0.00000,,False,
9c6dc3ff593093879a0eaf172f13589a,unknown,b6584a94139a5dd427c5b2d918116197,2018-03-12 13:00:43,0.00000,0.00000,0.00000,,False,
7375737cbc45eaf7c478be2858e294ca,unknown,89d394e1e062b0c231c559196aa7e18c,2018-05-02 17:29:18,0.00000,0.00000,0.00000,,False,
ed68030ad096167305ee933b382d92f4,organic_search,81cce42d33ddf3d4f89f1d476b5e35e7,2018-05-30 13:34:09,0.00000,0.00000,0.00000,,False,
d238f0c1fbf6fccb32a3f8efcf03e3b8,organic_search,68c701b433babf6e12018f1a674d3228,2018-05-09 16:52:06,0.00000,0.00000,0.00000,,False,
35dae000552fd88cce58a6571998738c,unknown,184725737946a1a938bbbd1a9e978103,2018-04-20 20:48:35,0.00000,0.00000,0.00000,,False,
012fa44d6752ee07c167165cb8c6f11c,unknown,528e4514f9339c1c3dd7535fd1a2d8cb,2018-03-08 15:01:48,0.00000,0.00000,0.00000,,False,
d73084414361442cb1fd4d659b395c38,direct_traffic,2ba91c7ad80ff88b23b7db823b43c233,2018-01-18 11:22:24,316.00000,2.00000,2.00000,2018-04-04 12:42:36,True,76.05569
fb24fdefb6d2dd80651f6c1a87bc0d7f,organic_search,bf0d50a6410d487dc97d2baac0a8c0be,2018-04-09 18:22:46,0.00000,0.00000,0.00000,,False,
ab712090eb9a27881b63080c859147de,unknown,18d5b01a5ca858cf540df954e063978d,2018-02-02 16:44:11,0.00000,0.00000,0.00000,,False,
3d25d97d74b25fda24861545538d0475,unknown,ce77b964b9986a57b37b928be67d9959,2018-02-23 12:03:59,0.00000,0.00000,0.00000,,False,
16b2e31fefe580e6aab327e53949bc14,unknown,9da15f4a4ea758d9eeb49000dbe57e22,2018-03-09 03:00:00,0.00000,0.00000,0.00000,,False,
04ecc73f538bcc74df709fe9281e08b8,organic_search,0a85ebe4e328db81ac9109781205e2f7,2018-03-15 17:13:24,60.00000,1.00000,1.00000,2018-05-11 10:18:31,True,56.71189
fca7ac68a9bcfe7ec3a017257471f198,paid_search,48fa294ea8e32148c8dba7a692b72bfc,2018-04-12 12:35:49,0.00000,0.00000,0.00000,,False,
e4ccb212806eb5e35794b3ebbdf1f6b6,unknown,1b4b28463457a256e9a784ebe2a8f630,2018-04-23 20:40:04,0.00000,0.00000,0.00000,,False,
c7f1da0a5723f5afd7996648fa9c20d5,unknown,42fa4ee7240e9b8eb4576358ec142ba7,2018-01-29 12:15:43,2366.90000,13.00000,13.00000,2018-02-04 10:58:23,True,5.94630
8e12ae4ee6dc484ecf2277a19b845658,paid_search,f9ec7093df3a7b346b7bcf7864069ca3,2018-05-11 17:09:22,268.90000,5.00000,5.00000,2018-07-05 06:46:44,True,54.56762
e75d0b169ffeb90d4b805790ce68a239,paid_search,7238a95bb63ef7e498389fb863b834a1,2018-03-26 12:07:20,1317.00000,4.00000,4.00000,2018-04-27 14:01:01,True,32.07895
7ccf00b6949c12d2df1963c60fad4f25,social,294e164108bc80d8fbf5ee39c448461c,2018-04-03 20:39:13,0.00000,0.00000,0.00000,,False,
08fdf1038af7dd3070bdcd18922e23b2,paid_search,850913d59ce317156b00f3705f1c3edb,2018-02-08 17:29:13,1860.00000,26.00000,25.00000,2018-03-07 12:24:36,True,26.78846
b2fb7865dfca2461177cbad7ec520b0e,email,e1c76f339ebd5460999f25a2aa8c92c5,2018-02-08 17:10:00,0.00000,0.00000,0.00000,,False,
5ebfa70416c6e41452ddde4ce2b536ac,organic_search,72c38a04bd6a1c3dbc5298425a0db86d,2018-03-06 11:29:22,214.60000,1.00000,1.00000,2018-05-13 22:30:46,True,68.45931
9064926a39ede3627d76ffcc643bd773,unknown,6de5884cc604dc6798577fbf91e86836,2018-03-27 17:57:49,0.00000,0.00000,0.00000,,False,
44f24b3c093ffe8bb756db22f86a9a2f,paid_search,ce4f1d45100bd92470c482527f73f72d,2018-03-29 17:45:03,0.00000,0.00000,0.00000,,False,
b05d4080611fca7960d66263f2b29fa5,paid_search,7d2d952e020034f05b4b7a7222563d89,2018-02-22 13:28:41,0.00000,0.00000,0.00000,,False,
f593b9ead8801922f74f0a5329e31486,organic_search,e157c96a8e7711636119c6af8e7cf85f,2018-02-26 14:46:28,0.00000,0.00000,0.00000,,False,
c2dd0b60035ad00b08f81244a20b4860,paid_search,57df9869a600bd6b7c405f2a862eccfb,2018-01-16 12:36:23,25.00000,1.00000,1.00000,2018-04-12 21:38:02,True,86.37615
5ca05341418f09367540f05484d0b650,organic_search,fdde1d384dea864917f6b8f2d330986e,2018-01-23 18:30:32,0.00000,0.00000,0.00000,,False,
8aa25d565a8891e68d123138a137622b,unknown,bfee0cb1dc3d4e4a2d625daeafaa3d3e,2018-04-12 21:32:57,0.00000,0.00000,0.00000,,False,
b47ea67781941189af94d2e217161684,unknown,4e480be820e37de1444325ff358c9296,2018-05-30 17:49:58,430.30000,2.00000,1.00000,2018-07-11 20:01:00,True,42.09100
f5386ed31571beed0361427ff58a9778,paid_search,ce4755084bc097113867e6454f8f5e52,2018-05-08 17:48:59,18.90000,1.00000,1.00000,2018-06-12 11:26:30,True,34.73439
000dd3543ac84d906eae52e7c779bb2a,organic_search,500b5e25308adf85bbc0bbc52c3dc05b,2018-04-24 03:00:00,0.00000,0.00000,0.00000,,False,
d1d99ef14bb813e29718b9b4df53de52,email,ca7c6bd577e559472af1c699de9e764e,2018-03-15 21:09:42,148.00000,8.00000,6.00000,2018-03-22 11:49:41,True,6.61110
cc1d6397370f680339bb84ca6ad55267,email,767f9c7cc8d4c288b891893b61f3a2ca,2018-03-06 13:29:10,0.00000,0.00000,0.00000,,False,
91bf42fe769d7f395d8f11b747000def,organic_search,19d7a4faa5de92caef9ad5128e6b1467,2018-03-14 12:24:20,0.00000,0.00000,0.00000,,False,
fa49eb69043e202e2370b17f86bb10a8,display,13511db12ac61e2f89c53b72a944a60b,2018-02-22 18:03:54,273.00000,2.00000,2.00000,2018-04-23 13:50:35,True,59.82409
31aa9651503a33c7f28f2a6e4d46b6e0,unknown,d3dcf0604eabf0224fbd5948b5e02f69,2018-02-02 11:22:56,2062.50000,7.00000,7.00000,2018-02-15 08:09:22,True,12.86558
c9b03be66eee564123ecf4b66c25986a,organic_search,7ade73f1b9b4e965f9009a4c3a7e2c15,2018-03-22 13:14:56,1521.50000,23.00000,22.00000,2018-04-13 14:54:22,True,22.06905
2b6a1d360326583e2b95118913845eb5,direct_traffic,87d3c3aeb3ead335511b3ce315eb341e,2018-05-14 13:25:24,734.36000,14.00000,14.00000,2018-06-13 14:35:29,True,30.04867
3b3f06f94891410cd5cec559abe7cff8,display,9cec48faacf156410e6c576bcefdade5,2018-04-12 14:02:51,0.00000,0.00000,0.00000,,False,
dd61b41d5b91a9a09e504f025a87553b,organic_search,ae45df84722b1d15c5f32b23a095746c,2018-01-30 17:39:30,28.00000,1.00000,1.00000,2018-02-22 18:41:33,True,23.04309
8b0a6e823972477463ff90b9e804a70c,direct_traffic,cad9969167c09b48ae6f1d123f7fa68d,2018-02-07 15:45:25,0.00000,0.00000,0.00000,,False,
44d37f9019983d92ead37f855133415b,organic_search,8f014a85666ef7e6a98b99a7e136bacc,2018-01-19 02:00:00,0.00000,0.00000,0.00000,,False,
c242ee43f6d34d89ee71b02fbc5e88a7,referral,85044848b1b767db2a4a58526adef4b4,2018-02-05 20:03:48,104.90000,1.00000,1.00000,2018-04-07 19:30:17,True,60.97672
7290c4082936311a3295b7c9ca7bda8f,organic_search,9c1c0c36cd23c20897e473901a8fb149,2018-03-19 20:26:27,135.00000,2.00000,2.00000,2018-05-18 18:22:51,True,59.91417
0ace14f7dd3d8e29870664c6fa021440,organic_search,ce20a2ec1514c25e16f2b5b39bc818f0,2018-02-05 18:10:27,0.00000,0.00000,0.00000,,False,
f2258c61a8b46c0620005f5949fb11b8,email,cad10cc982ab6a391570c211b995c17c,2018-03-14 16:52:04,47.40000,1.00000,1.00000,2018-04-22 12:03:21,True,38.79950
f4854d16f1c74c2e64a5b01933a04ada,unknown,fe1f84058e11c26fe9582167f47c343c,2018-05-14 13:36:50,0.00000,0.00000,0.00000,,False,
52427b6097c05044266c10cf110bb16c,referral,b89f350d98e85cdac1137510bd7b566e,2018-04-30 18:30:12,0.00000,0.00000,0.00000,,False,
da740a2d739707c310f3762453b41359,paid_search,f085a186e0ab15cb03a8bf46e07a8397,2018-01-24 11:33:32,0.00000,0.00000,0.00000,,False,
cd39b2fcf60d4580dbe25b82be3fd1ab,organic_search,72bb43f9683adea77d240b7985e2dfa2,2018-03-27 03:00:00,0.00000,0.00000,0.00000,,False,
5b6359f4589fe6e5a4856110f0480240,organic_search,e77e2e91d8ba596f5bce16b906255fe0,2018-05-22 12:44:38,0.00000,0.00000,0.00000,,False,
3532ba8963b76ecaa46dc6d6f055a31a,unknown,7d7d2b7a51328016102d4528c411d630,2018-03-14 12:23:39,364.80000,3.00000,3.00000,2018-04-07 18:26:07,True,24.25171
2fdef625a264874c1a4081ca24dd479d,paid_search,5670f4db5b62c43d542e1b2d56b0cf7c,2018-03-26 20:42:32,3011.44000,15.00000,15.00000,2018-04-23 19:03:35,True,27.93128
b8a54e345fa5fa48d9f72b7cd514240d,organic_search,98151b0a22aa6e9ac06a7bb854fa6959,2018-04-30 14:27:15,0.00000,0.00000,0.00000,,False,
a78562b316f0578286ddea6e6eaf2c63,unknown,929f342384a6607afe143d789ade1316,2018-04-11 13:39:02,175.40000,3.00000,3.00000,2018-06-20 19:25:54,True,70.24088
c0760e4171db0cd649bda18fcd314e33,unknown,4c18691b6037662be2df78a765d98ab5,2018-01-22 15:28:51,750.10000,16.00000,16.00000,2018-02-25 18:55:59,True,34.14384
9ef248df74556f4768271660f5ef5f7b,organic_search,aa2640d851ec322526f1295bbeb20092,2018-02-07 11:14:36,159.98000,2.00000,1.00000,2018-05-06 21:13:51,True,88.41615
4532f03593699ffdfd5fc1b58540190e,unknown,19d62d484cba71963c93f0f00ab42013,2018-03-14 19:43:52,139.90000,1.00000,1.00000,2018-04-26 16:49:29,True,42.87890
e9631bea70bc3ae4018bff0eac2c0986,social,5b0cc932433fa5184b5b94bfe6bcc256,2018-05-17 12:42:15,1437.80000,17.00000,12.00000,2018-06-20 15:02:35,True,34.09745
d92949512f85bf2db92ad19b662922f6,unknown,0502e5d79bd91b34b68cef9b3b45230c,2018-05-18 19:32:40,0.00000,0.00000,0.00000,,False,
dcee66ccb49a492ae42c446c0cc01b3a,paid_search,cd2169d9f31ff6fbb9ca3373b0c9e354,2018-04-23 21:07:06,569.00000,1.00000,1.00000,2018-06-15 11:46:28,True,52.61067
4a357e43fba47afd6d96c6f6524ade53,paid_search,9aa388272ee334b6ae07bc73706e254a,2018-02-19 19:49:04,192.00000,2.00000,2.00000,2018-03-30 21:23:29,True,39.06557
fceb58eea3ffda92cf9ab32fd9e5fe0d,organic_search,dc00a47754c9e2eda1f84b0bff6ee95e,2018-04-23 13:23:55,0.00000,0.00000,0.00000,,False,
6fd8a9e989f62bd98e7d20c2f81b1519,paid_search,bce6a5ecf98e99fd2a8868b15c51f04b,2018-04-13 03:00:00,2021.90000,3.00000,3.00000,2018-06-02 10:10:55,True,50.29925
ac2adbbec7f0d2fffad8e21d5e8a58e1,email,2e7ea2aafec5835e781b21d6d1faf1f1,2018-05-21 17:41:31,394.40000,5.00000,5.00000,2018-07-05 18:35:55,True,45.03778
8dcedd6884e553e55dfb6298a6f6cd94,direct_traffic,b3809b8d4394588a47c8470ea331e135,2018-04-10 19:34:27,89.00000,1.00000,1.00000,2018-07-06 19:46:58,True,87.00869
ba0773260354774c193b04f6af910192,direct_traffic,674207551483fec113276b67b0d871ff,2018-03-29 17:05:39,0.00000,0.00000,0.00000,,False,
f5772c97a8e2bcf909674d8701480d55,organic_search,63c6951772f3f4fc4e40ffd24207fd19,2018-03-09 13:45:50,0.00000,0.00000,0.00000,,False,
4926b735eb624e5de200880635cc272a,organic_search,2ec7ffe99ecc5afc2e48920c9d1fbff6,2018-01-12 12:23:31,0.00000,0.00000,0.00000,,False,
28f36aa85fbadc0663c2df15a5af35db,organic_search,455befea1bb853c75ccbca94cff26e5c,2018-04-20 16:29:28,19.99000,1.00000,1.00000,2018-06-07 08:36:30,True,47.67155
80f3f5f7b631b0e974a4a4627672e73a,organic_search,dace965ca58120f92f8d742a9fa1864b,2018-01-30 12:17:36,1104.00000,6.00000,6.00000,2018-03-25 18:37:26,True,54.26377
20c1fd3638caa5d1dce50b6c0b7fc409,organic_search,ea4e9ce63a2134743b4a92777437fcdd,2018-03-20 13:53:13,216.80000,2.00000,2.00000,2018-04-15 15:23:10,True,26.06247
5177d7712d018e49b0015adfdc2bb393,email,19d2a3535e887b30be7081676fb1a499,2018-04-13 03:00:00,0.00000,0.00000,0.00000,,False,
b440cc1f36911a5256b3dc30a1d599ba,direct_traffic,8116eb23b96c15ec02dd90632371494c,2018-01-29 10:35:52,0.00000,0.00000,0.00000,,False,
5b7fc89c42ee0f99a9db33e8baed5c52,organic_search,39cd336c2436c88d88096f7ef9305026,2018-03-27 21:32:52,0.00000,0.00000,0.00000,,False,
d3acf9ea06733ab725beeec8333da403,social,48e954b2da4f6a750c844173b347ed40,2018-02-15 12:24:37,397.80000,6.00000,2.00000,2018-04-09 21:04:43,True,53.36118
bfa4c8f989b5998d069da0a75550a7ce,organic_search,694892adec9a8e54155c2a2e99b6bd0c,2018-04-03 12:21:09,0.00000,0.00000,0.00000,,False,
820f7970418d010d52a1c1db2d3c1d65,social,28c7d8743fbc8679f484868cc0fcaefb,2018-03-23 19:52:00,148.50000,2.00000,2.00000,2018-05-05 12:40:10,True,42.70012
0456932dafd6f6b56f142efaa19ea8ed,unknown,c38c6d00a783927b6a3df86ea650ed4f,2018-04-27 20:10:02,0.00000,0.00000,0.00000,,False,
c9535ee549d198a4b146a5a81e0a6450,unknown,186cdd1b2df32caa72cfb410bba768d3,2018-03-01 19:48:16,109.90000,1.00000,1.00000,2018-05-11 11:17:57,True,70.64561
6fb435d98ce368e0b727cec0f8a2ccfb,unknown,fac1a9017ade7bdc94058fc1c969f355,2018-04-27 12:39:38,563.09000,4.00000,4.00000,2018-05-11 15:21:35,True,14.11247
e0bcbf50b9afa71ee130b94dfe8bcf2e,paid_search,516e7738bd8f735ac19a010ee5450d8d,2018-05-08 13:32:34,6004.79000,73.00000,66.00000,2018-05-11 18:34:36,True,3.20975
79304cca1ad8a247a9bafffd5f4db436,organic_search,8ba4b332e611171e234324cf3f9f28e3,2018-02-14 17:11:22,0.00000,0.00000,0.00000,,False,
8999714b474171439f0c56236609a287,organic_search,4ac30efebddcd090914475c8201899b4,2018-01-29 02:00:00,0.00000,0.00000,0.00000,,False,
d8bbc05a9852cf8c785e2b05c5ba1bd9,unknown,5544a079319b0984ee5d3ea03ea57da2,2018-02-19 21:08:55,0.00000,0.00000,0.00000,,False,
b37245bd5e22836dea166c9bf1ce3715,unknown,8caafb23d9d6b7e75485fcc2bdc260e0,2018-05-10 18:11:09,0.00000,0.00000,0.00000,,False,
8df878a8e746bb16f57beaa0615b5693,social,de83e0600df76319c24c3670ebcb2d5f,2018-04-13 21:53:17,0.00000,0.00000,0.00000,,False,
07c70f3b440791aa82c370d17910f32f,organic_search,85182120f8a3331fcddb54f27a77dda2,2018-03-02 16:20:21,0.00000,0.00000,0.00000,,False,
bf38970e96dee81ef0b4b76c2feb1a2a,unknown,bb219facd42c2384181e8f3330b42df9,2018-02-20 19:40:05,0.00000,0.00000,0.00000,,False,
c14a716bc18a0f87296c2ec10bfe8929,organic_search,788e857f317e53de488d393e65a80f45,2018-04-05 14:44:21,330.00000,3.00000,3.00000,2018-05-28 16:37:29,True,53.07856
86b283c5d439e7c9a64dca8e850c5ebc,paid_search,a99634624f85b4f63f87bc334b846962,2018-03-26 21:56:43,0.00000,0.00000,0.00000,,False,
d6beac7184414a6487a7edade4c0f2ef,paid_search,b8caedd58f7afe8fea08b95f272bc080,2018-05-02 17:22:49,0.00000,0.00000,0.00000,,False,
9678fa54dc9751a0633fe25843f900b4,organic_search,c7471f493e0cf386881d09659a4a32a4,2018-02-23 20:27:56,0.00000,0.00000,0.00000,,False,
85ac6feb584b665e85664974c546cfec,paid_search,74636e24f01da9268b0ed88dacd8513e,2018-02-28 16:19:57,398.00000,2.00000,2.00000,2018-04-25 14:50:27,True,55.93785
418f995ca45e4394daa4447bd637ec4d,organic_search,bb94878eed7bad1bdd88e19f6c322f8e,2018-04-13 18:12:32,0.00000,0.00000,0.00000,,False,
37ff30ea1566d0236fbe68c74def55bd,direct_traffic,9ac4f14370b1e24ddc58be041b7f99df,2018-01-31 16:40:54,173.38000,3.00000,3.00000,2018-02-24 23:39:56,True,24.29100
803fce03a8d1123afbbdbbbad0c4377d,unknown,fe53fc6949a462475c07fcb57ead57ce,2018-03-09 20:05:55,0.00000,0.00000,0.00000,,False,
9bde09f29256de88f4897345646c850c,paid_search,a11a0e0ca67423425691db355cff69b0,2018-05-04 03:00:00,259.90000,1.00000,1.00000,2018-07-31 10:29:51,True,88.31240
1d656ca6611216968c7c89914031e043,unknown,89757206b887aed36f3e18d858460fea,2018-02-27 20:53:04,81.00000,1.00000,1.00000,2018-05-03 11:45:49,True,64.61997
746ac26956df2d6be2b2c66c26b62fda,unknown,3903c788ded8dc03b5ebab37a2f3e9a1,2018-04-09 12:26:37,47.99000,3.00000,3.00000,2018-05-25 12:51:58,True,46.01760
51b030d05fdce1d571c4f55eed93d323,paid_search,e58a75d874cd483e80fb3ba9aa35db51,2017-12-14 11:30:13,0.00000,0.00000,0.00000,,False,
62a081b993506561f522af260073cb18,direct_traffic,094ced053e257ae8cae57205592d6712,2018-03-13 12:33:10,1343.10000,15.00000,15.00000,2018-04-04 20:43:55,True,22.34080
92ad56ab29e347d1779a07879d38c67a,direct_traffic,c846aef46d0aa00378cc6c24fd7fb474,2018-04-23 16:16:57,0.00000,0.00000,0.00000,,False,
c92c413cead7d8b67a89850ba352e1d1,display,c092292535a57dacd95a8765f5518f87,2018-03-26 16:07:32,0.00000,0.00000,0.00000,,False,
7b6ad2297d3beb569ddf3ee1ce22ffa8,paid_search,c70c1b0d8ca86052f45a432a38b73958,2018-03-13 21:39:34,15602.59000,143.00000,108.00000,2018-04-06 17:12:41,True,23.81466
07e3b175a6c00f310d4e7e4b17df1304,organic_search,8ec9a02e1c573e5ebf9133968d9b0042,2018-02-28 21:24:13,0.00000,0.00000,0.00000,,False,
64c6e872abc90f8a480908b92521e25a,organic_search,a53f60f05f822b5c621a50ff6a5cb362,2018-04-04 18:53:19,69.90000,1.00000,1.00000,2018-06-25 16:19:23,True,81.89310
d75057842b733134576d690d1d9509a2,unknown,a86bf7a9ba609d0527f10ea8f0a5446c,2018-05-08 20:14:11,0.00000,0.00000,0.00000,,False,
89599d85cfa823d8886146af161ea5b3,organic_search,88ef59b51bdaa941d10a853429f2b6ce,2018-04-18 20:05:55,229.00000,1.00000,1.00000,2018-07-04 14:05:12,True,76.74950
d6f0ffd9dd59848ed1b74ad799489755,paid_search,7d81e74a4755b552267cd5e081563028,2018-05-14 12:26:01,0.00000,0.00000,0.00000,,False,
9af787c1e7409f0866ade669dba8f697,organic_search,9b1f656ca3060f8af17a50d8a024b533,2018-05-15 20:34:06,28.50000,1.00000,1.00000,2018-07-25 12:32:23,True,70.66547
d5f8ca8f1c429e41c73b370ad2fb45a1,unknown,f3c747c1913de1af068d8feb79900063,2018-04-06 16:27:35,0.00000,0.00000,0.00000,,False,
95f2351eb791917e3e1cee823cf25969,unknown,b031973a2fadbc89767531a45ca39e40,2018-04-27 16:17:37,0.00000,0.00000,0.00000,,False,
4388a23da67b154b780b78dd7ea4636e,organic_search,0255dc67cb6bad298606136951ab1877,2018-03-06 18:49:03,0.00000,0.00000,0.00000,,False,
c262b62c257bb4e97a9618c9bf4bacf5,email,a2d528e2abdf88afe0d245519b3b3d65,2018-04-30 03:00:00,0.00000,0.00000,0.00000,,False,
bd47dc58209bc820d555f935bf055e40,paid_search,77a515caa36327151d1cc6c32a9f00e1,2018-02-15 14:58:37,319.40000,4.00000,4.00000,2018-02-28 23:30:36,True,13.35554
8257329475414b1eaf3dc731440e01a7,organic_search,ba90964cff9b9e0e6f32b23b82465f7b,2018-02-09 17:10:58,28265.80000,25.00000,25.00000,2018-02-25 12:47:36,True,15.81711
8661d5d36e6ade1beb145e7154f96310,paid_search,791a644d62fbd7a1fdabda6fc610bf33,2018-04-25 19:19:08,0.00000,0.00000,0.00000,,False,
d0dde222e608c66b65d44776bd8b4092,organic_search,df1183c2b82ee7ce304ed60ced00949c,2018-04-13 11:56:52,0.00000,0.00000,0.00000,,False,
33bedbbf5f4322acc36ecf15bd34cc57,unknown,0ffe89723de9b21041556d02e9b21a8b,2018-01-25 15:03:55,0.00000,0.00000,0.00000,,False,
5f1a8a8fddbc8a5ff4bf0f111dc69ff4,unknown,43402bdf22aa2310e8f99e2f94f78628,2018-04-05 18:45:56,649.95000,5.00000,4.00000,2018-05-14 18:13:58,True,38.97780
3559ec2c1c4f29266d1c1eb0f1164549,social,28f10b1c5e5abb9d4857745bede6147c,2018-04-10 14:05:56,425.00000,19.00000,19.00000,2018-04-28 07:47:49,True,17.73742
efe655d620d2d3d55ab8b2b6c86a945d,paid_search,414cc02d780baaa13439c37bd89641ef,2018-02-26 18:32:05,0.00000,0.00000,0.00000,,False,
b6b8870c2b130a562fbe89fb0bb9518a,paid_search,68175a6b26cdbc4b3a51ed5353276e4d,2018-01-31 20:47:51,0.00000,0.00000,0.00000,,False,
1dec44d3b8974e86ab337f1755cd893e,organic_search,7adbd3210a7b3cc2235e225eef33574d,2018-04-10 22:03:57,26.50000,1.00000,1.00000,2018-06-30 21:39:57,True,80.98333
356222b46d95b7fb1215f652ea9fd2f3,other_publicities,0b9164d3b23215d4dfee8a045a3a1b3d,2018-04-11 19:00:03,0.00000,0.00000,0.00000,,False,
bc916355c4b4bff29473d27f0a214b84,unknown,9f716fbca2fbec913c646e6c60f25b60,2018-02-07 19:54:19,0.00000,0.00000,0.00000,,False,
19d0170c5a9f7120fdcb2c34e9373f68,referral,b8cb8fd0484ee4f796b41e363dcd303d,2018-05-15 20:22:41,0.00000,0.00000,0.00000,,False,
1ce04284ef15be769958c668292573b8,unknown,33cbbec1e7e1044aaf11d152172c776f,2018-03-06 13:27:32,420.37000,9.00000,9.00000,2018-04-03 20:15:00,True,28.28296
f46657d673d95ccf8d12b1075ab7c653,unknown,f0ec78809fe0bc3edb11c9fe5b97b059,2018-03-19 12:41:03,24.70000,1.00000,1.00000,2018-06-09 12:47:27,True,82.00444
7a2c5f44c553096c00bd05e62c4f3771,direct_traffic,6ebf4eceee4dd9847201c82e77ef8123,2018-03-27 14:48:01,59.90000,1.00000,1.00000,2018-04-04 23:21:54,True,8.35686
ac894bcbadb0692e692ba49e19bc219b,paid_search,02df983480ff75ead8a031a3c7a849ad,2018-04-18 19:05:58,0.00000,0.00000,0.00000,,False,
796e2f57fd87b9b44251e692e269f0bf,paid_search,594f9aaa48e5bf431f011ddc5669b0d5,2018-04-06 19:42:14,1870.90000,21.00000,20.00000,2018-04-26 08:51:45,True,19.54828
b9e0ea8939615cd9008530f5f4e5e54d,paid_search,4675c38ffdf3a0c9e9665f629c5c713b,2018-02-06 16:11:05,0.00000,0.00000,0.00000,,False,
f5baaf0afe419681731ec3d30dafd954,missing,fb6e76ca64c0cc2c2dee53219e685f4b,2018-05-10 19:26:38,0.00000,0.00000,0.00000,,False,
15aea757696aaf9af950992f299b6789,organic_search,e504a4e2efaa45cbff7e268a2c58c956,2018-03-28 21:22:04,399.60000,4.00000,4.00000,2018-05-14 17:58:27,True,46.85860
8ba72c13888964788024b12e39aef6de,organic_search,6b90f847357d8981edd79a1eb1bf0acb,2018-05-17 17:22:45,2774.89000,38.00000,37.00000,2018-06-07 14:18:38,True,20.87214
5b2aad03528f0d771e8332451010d045,social,eaeec4fdcdc91ead735718ae9bebcd8e,2018-03-24 03:00:00,0.00000,0.00000,0.00000,,False,
fea6d3c362395ffa975ea4fd8d5d8ebb,organic_search,9e96cf88816c531ac19a680a2fdb78a7,2018-03-14 12:14:58,0.00000,0.00000,0.00000,,False,
6fec8c1ba9b9aa79bd26e09fc8aae3eb,organic_search,603bb4eeb3f0927e59e253357a9ca06b,2018-03-29 13:49:44,0.00000,0.00000,0.00000,,False,
f4812a8b0f238b290cb25f11a975edf3,paid_search,5e7730e8ae6bffdee755a8d31e6b77a4,2018-05-14 19:57:48,0.00000,0.00000,0.00000,,False,
34aba6f934aa1a8de795d088a6875d28,paid_search,2c2c9832d1bb38c5b0034a3b47d313ee,2018-04-13 16:21:23,0.00000,0.00000,0.00000,,False,
a2de60ae969948c62475144651c21281,paid_search,08220245c361752c4f7bdc9a39821dbe,2018-04-05 15:11:12,0.00000,0.00000,0.00000,,False,
f2e5f6f0caaa54cb5161d5cd753cf57f,direct_traffic,d622a61456dcbf4cc960221e15ac48b7,2018-02-28 18:22:11,0.00000,0.00000,0.00000,,False,
45f4ec2f92cda096fc01052b9f53dd89,organic_search,d63f306de130e0391d38a792541723b8,2018-04-25 16:03:49,0.00000,0.00000,0.00000,,False,
88a7d45c0b4b7c6d948ffff9e0be1de4,organic_search,49388b546c8a96b96e9f15b5980b1cd7,2018-03-12 16:40:42,0.00000,0.00000,0.00000,,False,
26b54d75fad5660ca6471905fe1793cf,unknown,596849622429351f47b32e6cae1055ff,2018-04-16 12:26:39,395.70000,3.00000,3.00000,2018-06-07 18:26:24,True,52.24983
2b35567523c67c1a9c32ef101ae7bc73,missing,7dd3be74c6cd6800d809935ff47bd3bf,2018-03-21 13:03:40,0.00000,0.00000,0.00000,,False,
5ce2c548b89181fc2a9b18df3882603e,unknown,5fff4dd813a9fe1ce972a80407e16457,2018-04-10 18:22:26,0.00000,0.00000,0.00000,,False,
c9be6fa4a4d011709bfa79908b2a1238,unknown,465b4d6f3d04fac8957c6017541df171,2018-03-22 13:02:12,0.00000,0.00000,0.00000,,False,
e66292f43e32d3b92d2c00229a6afe55,organic_search,7614a7c196be837b0eba0a3811e51b29,2018-04-16 14:49:40,0.00000,0.00000,0.00000,,False,
44c115ec4cfd1287a92e824ff941aa3e,unknown,493a261e134421b6d9d997900fa56a5f,2018-03-16 16:20:55,0.00000,0.00000,0.00000,,False,
1f539e92146eac32306bcb0f8ba374ec,unknown,8ff95b78fd27130aef0a3b68b7124c51,2018-02-23 11:40:05,0.00000,0.00000,0.00000,,False,
e758533feded97683d573154714a195b,referral,985c92cc412091f8529c12d7f23d3fef,2018-04-18 16:43:53,1114.70000,9.00000,9.00000,2018-05-04 13:31:43,True,15.86655
e8caf5068d097fe43a132fbc1152bdd8,email,26677ff8d8321b864317019c728ac010,2018-04-12 03:00:00,0.00000,0.00000,0.00000,,False,
9ea89671c9ac8a9c53062381b303f4d4,direct_traffic,c7bb64409aa480bb7d0335faaaf3d242,2018-04-11 17:08:35,97.60000,4.00000,4.00000,2018-06-23 16:04:00,True,72.95515
5d23750fc8ccf6284ca2ef9063c7b395,referral,1e26c56af8d48424e1df0140a2401f83,2018-02-26 13:02:58,0.00000,0.00000,0.00000,,False,
3138f2d16a2894a0b029ac115da88f8f,organic_search,daf565f087a52def0fd5c5825b3661bc,2018-03-28 13:21:21,30.90000,1.00000,1.00000,2018-06-16 21:14:44,True,80.32874
acc0e9c96173c579c90c05de205a2b63,unknown,9c7fd21e0aa159b20da593371f08ff7c,2018-02-16 11:56:46,209.90000,1.00000,1.00000,2018-03-14 09:25:14,True,25.89477
df5f39b59210605db5d0afb2ddac38a6,paid_search,f002671b6ff4042e52a52aaccba44c0e,2018-03-14 17:31:31,0.00000,0.00000,0.00000,,False,
ff3e7e5ca2f0e0d94bff1aabf7ed6ff3,unknown,5084f696554075b9a98403b769f31cd5,2018-04-02 13:03:24,0.00000,0.00000,0.00000,,False,
ec2f34a30d5b87ed1d3e9de2741ddabc,unknown,246eefbebdc0c11402ec404e1589de43,2018-05-11 16:16:13,0.00000,0.00000,0.00000,,False,
dedd5db8f760f36dd41fba0d5e94308b,paid_search,41da412d33e8da4f22baf55cb1bde82c,2017-12-11 18:07:26,263.50000,7.00000,5.00000,2018-01-24 19:13:01,True,44.04554
7ac6d80c42fdb4020030b1cb9ed708f5,unknown,cfe94489ddd337d1e29e12f2a7205d10,2018-01-22 02:00:00,495.00000,5.00000,4.00000,2018-02-26 18:44:28,True,35.69755
d62e62abe24dcaa94f9e1b3678477b51,missing,c611f4ce9ce875bcc063fa97fd4d7d12,2018-03-19 20:39:25,0.00000,0.00000,0.00000,,False,
b97dc9b1917a076d96da7c0ae4e2ed72,organic_search,376643e536ea9ab265065925112a876a,2018-05-17 03:00:00,0.00000,0.00000,0.00000,,False,
59d49e1ef1cc5496dfde1a1cc0c74004,unknown,196964603e568f36848694f9274a2acd,2018-05-02 13:39:20,0.00000,0.00000,0.00000,,False,
dbf25bb9667ad45905359f401d0ffb60,paid_search,189ca3538ce9f920cacf0f982cbe223b,2018-04-30 12:04:11,161.00000,3.00000,2.00000,2018-06-21 19:06:28,True,52.29325
ff8ee6aac61c11f16443646cdf467146,direct_traffic,7877194d40c496d36a88ae5957c5e7d1,2018-04-13 03:00:00,0.00000,0.00000,0.00000,,False,
4c3419c75074a0734e4d1851aa66eb8b,organic_search,9ffca1681e7428db3d75eb4b69ee9599,2018-02-08 13:13:35,0.00000,0.00000,0.00000,,False,
2dfbe1c802c78a8b1f75ef13b70c1124,organic_search,382229d1e840115ffe3dbf5ff460e417,2018-03-27 19:15:09,1611.67000,25.00000,24.00000,2018-04-14 22:35:36,True,18.13920
5db98ad3d38184a2f9db88f5bb1c62c1,paid_search,5bc24d989e71e93c33e50a7782431b0e,2018-03-20 20:23:26,1629.40000,9.00000,9.00000,2018-05-02 14:07:29,True,42.73892
6ddd8f436b40ded89a268f4b38a30b35,unknown,164471825a8de8c31eb8cb9375b27243,2018-03-07 19:23:35,0.00000,0.00000,0.00000,,False,
9e5523333afdebe2911f20c3e5b452df,paid_search,698f5fa55a5f73d0740e9d9a773e8093,2018-03-15 20:31:54,60.00000,5.00000,3.00000,2018-06-12 17:26:43,True,88.87140
d54be8a176d25fedda751546f6276fb6,paid_search,0f5f7caa3e6a2b466fabe6bfaf25b06b,2018-03-26 17:04:23,0.00000,0.00000,0.00000,,False,
4653dc197e56d94547c86d7a3af40833,organic_search,e1dc0754bada9ee4cfe9713f22f61292,2018-03-02 21:18:48,0.00000,0.00000,0.00000,,False,
8ac5c69653a6ec0c8a96f304c13fb1d6,organic_search,e58a5b390e28abc0b216cfb0e07d27d7,2018-01-19 19:29:55,0.00000,0.00000,0.00000,,False,
423b036257e9b247694318b327fdef68,paid_search,aae5e7b457a3c72ee230a47d98fceda5,2018-01-17 12:11:20,436.00000,4.00000,2.00000,2018-04-05 14:35:51,True,78.10036
ac029f072468dd8c97c15f0a9fa96f00,paid_search,dfa0c4c6229ab200a4a1336b4d7128ff,2018-04-20 19:42:05,2753.30000,53.00000,46.00000,2018-05-02 10:23:08,True,11.61184
e77cae9fcdb3fd588d797921ac663823,social,a31ed365258882cc2a1e25d6710704ea,2018-04-30 21:23:41,0.00000,0.00000,0.00000,,False,
8d4af10effffa338cc97d3ef4b2507dd,unknown,53088c75f948b48a7ece173ac17f0c12,2018-05-09 13:17:12,141.80000,2.00000,2.00000,2018-05-22 21:45:29,True,13.35297
01409f7f7f2bd5ec0c1755b362e9db6e,other_publicities,eada4a0629faf243de4159916c10cd1a,2018-03-06 18:14:08,0.00000,0.00000,0.00000,,False,
214ace4c93ff3e251c239e9d47d1517b,organic_search,0c1d290fe8e252b31ebc2ead30634efc,2018-04-18 12:45:01,0.00000,0.00000,0.00000,,False,
07da1921cbc124b15d105b3e13d67eb5,unknown,fd5564b7d093f9d64d1a5f223dfe43bc,2018-04-06 12:13:08,0.00000,0.00000,0.00000,,False,
b17d646e36f5fb120b2ea74c14d39f5c,referral,2e311c110b108aece4a48ab7165f28b3,2018-02-22 21:25:08,0.00000,0.00000,0.00000,,False,
b4a52d5e8d7a56355abf7597fe5b2bbd,organic_search,da43bc6766501a2ad1aba35b09b7c9ac,2018-04-10 19:08:35,0.00000,0.00000,0.00000,,False,
61681a30d47dc8b1ec5180ccdec26ba5,missing,4a4da369ad50f14d48337aa52eb826f5,2018-01-29 15:09:03,0.00000,0.00000,0.00000,,False,
27ce438e6e1f602971ea0443f5d4428e,organic_search,05e107217c7266362fd44b75b2cd4cc4,2018-05-16 15:05:26,163.58000,6.00000,4.00000,2018-06-29 23:02:10,True,44.33106
b48c62590e6d0cda7b99d3c4053a412b,unknown,7f49fc7a8336278ab1287ed28d565258,2018-04-20 20:24:22,0.00000,0.00000,0.00000,,False,
7bf1f5c2051159d32a588de7a73c8edf,unknown,c510bc1718f0f2961eaa42a23330681a,2018-04-10 18:37:30,9644.85000,8.00000,8.00000,2018-04-17 12:05:48,True,6.72799
4f2a5cee950dff883ba2d52715c97bb3,direct_traffic,ae1e6f638fc33a9cdbc2871bf60c6635,2018-04-13 17:03:29,0.00000,0.00000,0.00000,,False,
2f68c2e0cd8964d59dbbcfa48196b499,social,4c1c7281388a33dd06daac44f9fadbd1,2018-03-08 18:57:56,155.43000,4.00000,4.00000,2018-04-04 09:12:02,True,26.59313
6ff169c8d96bc9b776c14c0e65af28df,organic_search,85ecf03781da592876b7844acc1b729f,2018-04-30 18:24:13,92.00000,1.00000,1.00000,2018-07-18 15:14:15,True,78.86808
13c5dfa246046c0beea97e100f32a1a9,referral,968268a686aa05d1f529fb07dff08130,2018-01-22 19:14:25,1903.20000,3.00000,3.00000,2018-01-26 23:07:13,True,4.16167
0a55079ea003674ae2145b02f03ff27d,paid_search,ae0728a2cb289dec6d1ceb0b7d6b82c5,2018-04-10 14:43:06,0.00000,0.00000,0.00000,,False,
af727f4749d4bccd52b0d84bcd241a28,paid_search,8cd5c90bb5fe7f2d779c81bfd6d9ffcf,2018-04-17 13:14:51,0.00000,0.00000,0.00000,,False,
b2385ae6de2a909f2ad7b45f9922af69,organic_search,2d2f1c1a4f518137df3e4d8d5f57beae,2018-05-16 20:25:19,0.00000,0.00000,0.00000,,False,
7c23287c6dd3acd5f4fae4175be75c7e,organic_search,106ebccfb024488d2dd7aac29c9a20a3,2018-02-05 15:04:41,0.00000,0.00000,0.00000,,False,
eb7cd84a106d9862149ce49358dccf98,organic_search,e250d617a0ad591ba9bd663e584a895d,2018-01-15 13:08:11,242.85000,6.00000,2.00000,2018-02-26 19:29:46,True,42.26499
a38a9af287823928c8b66b29dde21c29,organic_search,aa3d06427142ec11df8f7df0e159b71a,2018-02-21 14:54:47,0.00000,0.00000,0.00000,,False,
7f06e90b62b8a276308c2756f5afd601,direct_traffic,7c51de0ab286204ce75ff42bf7c10d92,2018-03-14 20:07:27,0.00000,0.00000,0.00000,,False,
fd582eb497bfc1fdf07f3e7d0e259b70,organic_search,6a53b90c3ad9e0b56d9fe5c69165fff5,2018-05-09 16:21:08,139.78000,4.00000,2.00000,2018-05-16 19:57:22,True,7.15016
c31cd9eb0233c998e5d682c4d826d8c6,unknown,e10575e8e45d5d8cedfc60d838ac286b,2018-04-30 20:57:42,0.00000,0.00000,0.00000,,False,
79c57bf41c34485dfe8b0d15d45a5fa2,paid_search,11742f81550ac064cc9a40f67151d9ad,2018-05-31 21:24:31,781.90000,2.00000,2.00000,2018-08-02 14:41:02,True,62.71980
b13432d01614c9d18263698af2837e1e,email,429e2324ee8c0a95b565f78b465e8a07,2018-05-30 16:15:12,0.00000,0.00000,0.00000,,False,
8e3a0c64471d95b0099a960973289946,organic_search,e94b64dc6979b302a5a5be1662c83bb6,2018-05-04 03:00:00,306.89000,2.00000,2.00000,2018-07-01 12:21:19,True,58.38980
c4b5d00fab66a49d63428f51800130eb,unknown,52c53edae0e04256ecf6c407608e7e09,2018-04-24 20:43:12,0.00000,0.00000,0.00000,,False,
e2d1a6e73522ced82377206f4ac503de,organic_search,1444c08e64d55fb3c25f0f09c07ffcf2,2018-02-06 13:55:36,2749.00000,1.00000,1.00000,2018-04-28 12:23:26,True,80.93600
cd1c758ef1fa8b3fa90d46efc6e4c66d,paid_search,99d4602ff2c719a03c6d8df853ebedf8,2018-04-25 19:43:04,0.00000,0.00000,0.00000,,False,
7482d965e9c3156079b7ea6423fd41fa,unknown,a267686cbbbfe674d0834d3ad95df5bb,2018-03-28 16:16:34,0.00000,0.00000,0.00000,,False,
90da5fb6873f5daa02586c51fec88189,social,9f15313cc96cd611d45e63eab4170bf1,2018-03-02 12:58:05,0.00000,0.00000,0.00000,,False,
40965efa19c345bfd62e38846d71eb85,paid_search,5f57db27027655e6c6a391601daa0258,2018-02-08 13:10:58,0.00000,0.00000,0.00000,,False,
5490e7d6b0202e0f649d6fba5bf770ec,organic_search,eb9267cccc90f1b49c8d2f9887c7dd97,2018-04-20 12:20:34,319.90000,1.00000,1.00000,2018-05-06 21:44:22,True,16.39153
23b7bbab67f2caadba743ff405d27b5c,organic_search,abbc2aa191ecd8fbb5be1701d7bb6ef4,2018-05-21 20:17:38,0.00000,0.00000,0.00000,,False,
b668bbfcf4f79f076b2210cb21e87734,direct_traffic,ce616e1913288884e7742faac9d981db,2018-05-07 16:18:52,227.50000,13.00000,9.00000,2018-05-19 20:17:34,True,12.16576
b368759b56dbed0f9e5818fe1f7ca8bd,unknown,65b6aa01895e9ddce79b482da06dda9d,2018-04-13 14:30:12,0.00000,0.00000,0.00000,,False,
e7d22b2d896aff8c14d0f1f6c7ff151b,organic_search,88cf19ec1fc2c58f161aee259d57142c,2018-04-27 14:01:59,849.97000,8.00000,8.00000,2018-05-20 17:16:24,True,23.13501
062eb81d4674705d10c8ecb848358cb3,unknown,1c16af6213cf83914774c6490065da81,2018-04-04 18:42:57,0.00000,0.00000,0.00000,,False,
c18171305e73faabfa61d61c41a420ae,organic_search,0b1ca3ef18a63d7eb0c8897fa0849c08,2018-01-29 12:10:19,55.00000,1.00000,1.00000,2018-04-12 00:10:10,True,72.49990
713db6add2b5e85a240d2daffd3e9dab,paid_search,f3c38ab652836d21de61fb8314b69182,2018-03-28 18:50:57,789.00000,9.00000,9.00000,2018-04-11 13:05:11,True,13.75988
2c30dbced2ca2da386510d7416679269,organic_search,d598f929fc44e1e38678e7f47250ec04,2018-04-20 18:13:06,69.90000,1.00000,1.00000,2018-06-22 10:43:09,True,62.68753
a253f7f97019cf1a2c74eed3ce23db58,unknown,f1fd6779d8d9afe83f4135a22903f22b,2018-03-20 17:30:41,0.00000,0.00000,0.00000,,False,
f812d76fe4aaf25c32584b9597915c61,unknown,36637850ddda5031f5bcf5499dd955a3,2018-04-11 12:24:58,0.00000,0.00000,0.00000,,False,
07f26c1e7d2873a9e6860909c00075c2,paid_search,134c69b4dff67e40a022dd8bf81e002e,2018-05-15 17:20:12,0.00000,0.00000,0.00000,,False,
dcb63974e7efcb5cf46738cb2a22edf1,organic_search,34f563c82a85b99ae9e6d60db5fc2e28,2018-04-04 19:56:06,747.60000,4.00000,4.00000,2018-04-13 15:09:55,True,8.80126
9729df58c832dc4574b1c382191df44a,paid_search,a7a9b880c49781da66651ccf4ba9ac38,2018-04-25 21:02:03,307.60000,4.00000,3.00000,2018-05-16 16:16:03,True,20.80139
fa7482659fd71e6e233eadf4dbf3ed4e,unknown,bf1f3d5402ed867f05bed505a3b2a05a,2018-02-14 11:14:12,0.00000,0.00000,0.00000,,False,
a6bf24ce0939b46b6536e02a3d244cc3,missing,ba87e2cbb33c1412290b8ccc37301672,2018-03-07 14:58:07,0.00000,0.00000,0.00000,,False,
c184064068f67936a71e38a4e6a9e78e,paid_search,28872dc528e978a639754bc8c2ce5a4c,2018-05-09 14:24:56,1009.90000,1.00000,1.00000,2018-06-11 22:55:43,True,33.35471
205a11a1b97d7e8bdb33aa6c36f3ef2a,direct_traffic,758fbe94c656fc484d204e7d60808484,2018-03-09 17:59:38,0.00000,0.00000,0.00000,,False,
3e1d9bee7fa8982cbd0dd0c0aa5ce905,organic_search,271c58a1d139c45eaf3316107c6d3a3b,2018-04-12 13:58:09,1869.26000,13.00000,13.00000,2018-05-02 13:55:37,True,19.99824
051cb0d72dcd23f16842e894f5c46051,organic_search,6548c2550b6e2d8f18053216e1c7b6f3,2018-04-23 20:19:56,178.00000,2.00000,1.00000,2018-06-26 11:17:35,True,63.62337
2008b6bfa59e4d81791f9ecbfd9f1a75,paid_search,41b14765bd56c8ad10971074380f9c0c,2018-02-15 11:24:52,103.50000,3.00000,3.00000,2018-03-20 14:33:00,True,33.13065
5ac050d44e6476acecf88969950cf3a2,organic_search,85222e25007ce95bf79c00f643d1e436,2018-02-09 15:37:08,0.00000,0.00000,0.00000,,False,
ee68544f42eef8386730823cff7446cc,paid_search,8f28d70a98ca556691300d08ebdddc88,2018-04-13 20:51:13,0.00000,0.00000,0.00000,,False,
01c629f6b8f2460aa362f29caaaa0a8e,social,99cd94252748d2bdde08e17858233602,2018-05-08 21:28:11,159.80000,2.00000,2.00000,2018-06-20 14:02:25,True,42.69044
287915711d06ce6d90e2c18e1d89d3a6,organic_search,6f83d9e4da896daae20b9b6b2d3ff8d2,2018-03-14 14:24:23,524.39000,8.00000,8.00000,2018-03-22 10:15:19,True,7.82704
af8ba6e9ccdd2960424f19b3cfb54baf,unknown,e6341a38a2e15b8834ac0410015547e4,2018-04-20 17:53:11,0.00000,0.00000,0.00000,,False,
66ff0b5dbb060ef47f756d33cf170f97,missing,dc50afafdfa325eadc890c7fa42a8f4e,2018-04-30 18:57:37,246.40000,2.00000,2.00000,2018-06-25 16:10:17,True,55.88380
3b7585682efa3f3cb07b4e7ae6ec53d4,unknown,af3ef48d0e13835e529c29ac573c63e5,2018-05-09 21:35:58,1226.77000,18.00000,18.00000,2018-05-16 08:11:59,True,6.44168
962ebbfe9e9c53b566b6c107b19f4bba,direct_traffic,da3b4c4b11a5be0f29634d1e6bb7dce0,2018-01-19 11:26:39,0.00000,0.00000,0.00000,,False,
a7aef852029ddd8bba20bf60b536415b,organic_search,5dc203c7b84a0e71e878a179de05fb9a,2018-03-07 12:25:54,44.00000,1.00000,1.00000,2018-05-28 20:43:51,True,82.34580
239771729fe22c7c1bdbf136f7304eed,organic_search,b586cd24c010a13916af621b0325fbba,2018-05-24 19:51:56,818.96000,5.00000,5.00000,2018-06-17 21:50:12,True,24.08213
2f9e00b759f8d090d2d2ecae1347104f,organic_search,fe3d2c21fe1b15298d60a0792621ddf8,2018-04-06 16:43:28,0.00000,0.00000,0.00000,,False,
ee577c86d39b672b84ced795d14380dc,organic_search,6836558ca75302628900564ce7c67cf9,2018-01-15 18:05:41,0.00000,0.00000,0.00000,,False,
5f87a3fcca7c117d0f4186749a5c6c59,direct_traffic,df6a52d41f39ce14aa6df3af06e98e71,2018-03-14 17:18:59,0.00000,0.00000,0.00000,,False,
d15288d9955379f7bde91577c9177310,unknown,6cbd0872de0e3e92a1b90f229aac6e61,2018-03-02 13:54:02,0.00000,0.00000,0.00000,,False,
186f0892f13de5443c0b6d042a6ddde0,organic_search,d566c37fa119d5e66c4e9052e83ee4ea,2018-02-28 17:16:15,2608.90000,41.00000,37.00000,2018-03-16 14:11:50,True,15.87193
7fc2067b7f0e5d86dd4dfa1340b93910,unknown,e116c7455dd26a4d8c3e92532583905f,2018-01-22 02:00:00,0.00000,0.00000,0.00000,,False,
a3980fc1d4915887bc4b815080e58a00,organic_search,611aa09794938387efe774f5abf64c03,2018-04-30 21:29:27,0.00000,0.00000,0.00000,,False,
660110aa3162f77605b07eec19f1e20a,paid_search,dbc7e4c98a58fa8731412f4da2f43cb4,2018-04-24 03:00:00,0.00000,0.00000,0.00000,,False,
c2385a5e739790f3b8c1d459abee3e5b,organic_search,7aa286758114fcd93df587a1e23301ed,2018-03-12 18:45:13,0.00000,0.00000,0.00000,,False,
a8aa308791fc464208fb025038454c24,organic_search,818d9691c76fabaf6b491f6a9baefad9,2018-06-01 02:32:00,0.00000,0.00000,0.00000,,False,
144194b941960b62a1217cc9d27ebdbe,unknown,a46cc8988e2dc21616cc0b2cec80be4b,2018-03-27 13:27:01,0.00000,0.00000,0.00000,,False,
7e0a3b03133c5c75330162fee599e5f5,organic_search,bb2eca0468c9088bd9a146c8d6c72e0b,2018-01-16 13:16:45,0.00000,0.00000,0.00000,,False,
b466c22d12d52c8a0d3792d2eb44b828,paid_search,623ad9d0c1e14bb5464a8c72bff7b4af,2018-02-27 17:39:50,95.00000,1.00000,1.00000,2018-05-13 20:05:37,True,75.10124
de0fcd75c97ecea4ebbb534ea6476743,unknown,639541c9c4a8a5b34424cac6f81f6be7,2018-04-10 12:30:33,0.00000,0.00000,0.00000,,False,
c2102c66aa81e5c07f72cd88e46d091d,unknown,649d307ba392e2cc6cedc7888f51923d,2018-05-14 14:24:45,0.00000,0.00000,0.00000,,False,
caea756b29bd071f00ce526f40645a78,unknown,fadb07c842a2aef5d5a676b85f220e71,2018-04-10 17:23:25,126.79000,3.00000,3.00000,2018-06-05 13:24:11,True,55.83387
21dd2bb7a4d988443cb303e42afb8316,paid_search,b7bff8fe73a12a5e844c7d83ee1202ff,2018-03-07 19:17:31,0.00000,0.00000,0.00000,,False,
f0affe8ec1361efcafd1816b5b1c2426,social,09175f552e7526624e8100bdc8d0c92d,2018-02-22 16:22:07,0.00000,0.00000,0.00000,,False,
0ff0a4ce9abf031dc12194a19ced4ef1,unknown,a64e44665225d19dfc0277eeeaaccc57,2018-05-14 18:06:33,237.50000,3.00000,3.00000,2018-06-22 15:06:34,True,38.87501
a0ab09eb2842e474a3a5aed12e533a2a,paid_search,6b3bd31ad8fcda4b2635ec9f3ff2ecdf,2018-03-13 18:53:47,3742.30000,37.00000,31.00000,2018-03-24 14:57:23,True,10.83583
c6a3a2c5533022519407029f38d214fa,unknown,a84e05448dd8286412b96fddf603db26,2018-03-14 03:00:00,0.00000,0.00000,0.00000,,False,
1785cff273aedbd875c814b46928ad7f,missing,213fafb0ca06fb3d5886579c2565791b,2018-05-17 18:11:29,144.80000,2.00000,2.00000,2018-06-14 15:23:38,True,27.88344
b14ab177881b4c06b81317c5f2034ede,paid_search,8fb67a334bacec338885b4e9e1708073,2018-04-27 12:18:34,59.90000,1.00000,1.00000,2018-07-15 12:57:04,True,79.02674
45b5846f3d142b0748d3dc2ab223ab6b,paid_search,76ea5315acb3f5f7ade3cd261faf922a,2018-04-24 20:54:30,1039.56000,14.00000,14.00000,2018-05-18 09:49:56,True,23.53850
ce518001633ca4e1f2ae4b02f4dcb11f,organic_search,741eb1606348f827baeb4c099fcf1bdd,2018-02-06 20:18:28,0.00000,0.00000,0.00000,,False,
341d4a2ff35fb1a23abe056798b04d41,paid_search,f88adb15807168d3c43d71021090ce4a,2018-03-23 21:07:18,189.00000,1.00000,1.00000,2018-04-23 22:45:21,True,31.06809
9542f2f27285580fe8d6aa82e179ed28,missing,a359ed4a476430e29909d1415ecacb1d,2018-01-19 13:12:10,0.00000,0.00000,0.00000,,False,
1217984b38cadfb4b1c15f30a3212680,organic_search,54c04bdb5ec46762f8f08c7e8f86ed4a,2018-01-26 16:27:17,1892.64000,12.00000,11.00000,2018-02-06 15:10:03,True,10.94637
1b9d7ffccca875a9079e3b57c24a3113,unknown,8476243f92442881ddd5b578975cf115,2018-01-08 02:00:00,3616.00000,4.00000,4.00000,2018-03-14 10:12:48,True,65.34222
8b2112b1064c167cfbccbdeb2b5841f2,unknown,09bad886111255c5b5030314fc7f1a4a,2018-04-26 19:36:13,0.00000,0.00000,0.00000,,False,
878c57ac87b8629049a172596fb9a67d,organic_search,8b286dd43c391bc2d763668067eca963,2018-05-22 12:54:36,0.00000,0.00000,0.00000,,False,
ea36a38cfad96a89e2614f339f909549,social,f0418a194da21de7cd01336b10be11a7,2018-02-20 12:17:26,0.00000,0.00000,0.00000,,False,
ebcdc4e2a7e73118fab4921b78200b2b,organic_search,fcc29f9f37cfd89db0038d8de7f97f08,2018-03-13 20:12:45,0.00000,0.00000,0.00000,,False,
ae437864746ae2a9e694a6ed2b5824db,unknown,01266d4c46afa519678d16a8b683d325,2018-05-18 20:02:04,9.88000,1.00000,1.00000,2018-08-02 16:07:38,True,75.83720
3434cfa4a17f019a5aae78ee0bec24bf,direct_traffic,9ba337a47628f9761b6bb3939a3f97a9,2018-02-26 14:44:04,0.00000,0.00000,0.00000,,False,
5a85461739094491a96bb30267640454,social,1cd757f0f38c0847a2f05717d18b8d92,2018-05-18 12:38:36,0.00000,0.00000,0.00000,,False,
42d15f0a37b7d0a151bb2ca9cc7e5548,unknown,9cf787a239c1aa29dbd76f153dc13f9a,2018-01-24 12:27:42,0.00000,0.00000,0.00000,,False,
862690c612c4c41a2ddceb9bf7a5c848,unknown,1a932caad4f9d804097d7f8e615baed1,2018-02-19 19:51:00,2108.00000,11.00000,4.00000,2018-05-02 15:14:09,True,71.80774
76609909f975f3db5b8e50e4cb9ec136,paid_search,b2d462f41b6b46b0569b20a8a4ebfcae,2018-05-29 18:53:31,0.00000,0.00000,0.00000,,False,
6c1f11f779599fe6d280c41d644ed43b,missing,0cab2da43793a6f3c5ed8514c5f54627,2018-04-05 16:29:23,189.80000,2.00000,2.00000,2018-05-11 10:26:01,True,35.74766
4b650319cca0b2d0480d58b5c6451a28,paid_search,708cc2c4ffdd3307d5cdee0d7387307b,2018-04-06 16:52:50,0.00000,0.00000,0.00000,,False,
d4db78e389387c2d6f0b5404cbc61fc5,social,7210cd29727d674c00741e5e387b3ccd,2018-04-17 17:18:09,259.87000,3.00000,3.00000,2018-06-10 13:08:26,True,53.82659
d4b60729388ac1c3435ee0fcefba1ebe,unknown,05a48cc8859962767935ab9087417fbb,2018-05-30 03:00:00,42.90000,1.00000,1.00000,2018-08-02 12:05:38,True,64.37891
513622713be8b84fd8d5b783f6fc82b5,social,c65fb4ec11e8d18c95ef150885418aea,2018-02-15 11:27:17,0.00000,0.00000,0.00000,,False,
7d4b139b99fa4e14170492f54032c321,paid_search,3ffabd7292c755d5cebe5b2d6350b850,2018-02-21 13:27:48,0.00000,0.00000,0.00000,,False,
3e4a3f9ecab2d513b6782748c9e0a884,organic_search,9d681c7e12db302cb261e721040dde65,2018-05-04 03:00:00,695.80000,12.00000,11.00000,2018-05-21 18:18:25,True,17.63779
b3d72af547b23265305eda666dd749f9,organic_search,d984b175957d0e67bc5bf232285ac792,2018-02-05 12:51:36,0.00000,0.00000,0.00000,,False,
9e7c75dad869b2691a339a70cf105f0e,other,f4d969837a2957bb052a71af7d39fc91,2018-03-26 14:03:55,0.00000,0.00000,0.00000,,False,
b6bbd11daf9d7d31ffa787379614cd4f,paid_search,4eeb99008a0f59d2c7759c59f9a346eb,2018-04-06 19:30:00,1282.00000,2.00000,2.00000,2018-04-23 10:39:30,True,16.63160
ee24544795bf59a8343731c3501c6b4e,social,c013e57c075a06e5b5c48ee03c525719,2018-02-01 17:10:20,320.93000,7.00000,7.00000,2018-02-27 15:10:06,True,25.91650
7998ee341a2b3ffe1f5b8f11c0e78d11,unknown,b9ec22de23f18567de0e09d776ca0309,2018-04-06 19:26:13,199.99000,1.00000,1.00000,2018-06-22 14:30:06,True,76.79436
98826328c3a60215e53b342560084571,other,f46490624488d3ff7ce78613913a7711,2018-05-16 19:51:05,5172.08000,78.00000,71.00000,2018-05-23 13:50:08,True,6.74934
dbc6f53e8aa4b30d61366ddc81b17a91,paid_search,7bfe1c6d7a61cccc48bbbebe206390a9,2018-04-06 20:40:05,0.00000,0.00000,0.00000,,False,
72477e4cbc223fd605cdf76361cbe0a6,unknown,a9f81449e8f8a47f6c67e5a43b40ed04,2018-03-01 21:03:12,0.00000,0.00000,0.00000,,False,
245710681d51a6dfb80ab06683f3be01,organic_search,7c9130f5f3729edd32aa059141d92484,2018-05-07 21:49:28,63.00000,2.00000,2.00000,2018-06-20 18:53:42,True,43.87794
512f3a7ea5520eae3b54a77c0497489e,display,2a1a7b9bb186aba4e126ec76f9607237,2017-12-05 02:00:00,0.00000,0.00000,0.00000,,False,
b3d5cd16656bd872844d94e6c00ac9f3,paid_search,eeb3e4d4f423780ab2acfe23ea0d5e49,2018-03-29 19:37:01,0.00000,0.00000,0.00000,,False,
f8e1b8b3a3fe9b27a64dfcaaa8fc6054,organic_search,b6392ab5fdb153fb3c6c7c0e174cdc29,2018-04-04 20:33:19,0.00000,0.00000,0.00000,,False,
cd803c8ab3c2afa5430eeb195bcebe6a,email,33dd941c27854f7625b968cc6195a552,2018-03-28 22:42:55,5510.00000,4.00000,4.00000,2018-05-27 16:26:55,True,59.73889
676207ddcc8087437135a4b461fc07cb,social,c70a353f02429c00775a46a75fb787da,2018-04-20 12:27:44,44.90000,1.00000,1.00000,2018-07-17 18:27:15,True,88.24966
e7f70a2ff45e44c7399bebacf3e4771d,organic_search,b21768cfefb49b94e9bcd38037e93d1f,2018-02-09 12:16:16,0.00000,0.00000,0.00000,,False,
40955be51cc85c5a5a6cdd12b19e9f10,social,c0e933c238e41f0cd459d6025ee9b364,2018-03-06 15:52:23,0.00000,0.00000,0.00000,,False,
